stationCode,stationName,state,pH,conductivity,temp,WQI,status
3093,"BORE WELL AT ALLADAPALEM
VILLAGE, PYDIBHIMAVARAM",ANDHRA PRADESH,7.35,1160.5,29.5,47.27,Good
3092,"BORE WELL AT ARINAMA
AKKIVALASA, SRIKAKULAM",ANDHRA PRADESH,7.75,925.5,29.5,38.46,Good
4360,"BORE WELL AT IDA,
RAMANAYYAPETA, KKAINADA",ANDHRA PRADESH,7.75,1135,28,38.81,Good
3091,"BORE WELL AT KAPULUPPADA
DUMPSITE, VISHAKHAPATNAM",ANDHRA PRADESH,7.05,3800,26,128.75,Unsuitable
4353,"BORE WELL AT MANGARAJU
HOUSE, GAJAPATHINAGARAM
VILLAGE, PAYAKARAOPETA (M)",ANDHRA PRADESH,8,3300,26,110,Unsuitable
3087,"BORE WELL NEAR VILLAGE
SECRETARIAT, PATHAPADU (V)",ANDHRA PRADESH,7.65,2040.5,25.5,60.27,Poor
4355,"BORE WELL, CHIPPADA VILLAGE,
BHEEMUNIPATNAM (M)",ANDHRA PRADESH,7.95,1071,26,26.41,Good
4354,"BORE WELL, SRI NOOKATATA
TEMPLE RAJAYYAPETA VILLAGE,
NAKKAPALLI (M)",ANDHRA PRADESH,7.5,11270,26,408.88,Unsuitable
4394,"BOREWELL AT APLLC OFFICE
INDUSTRIAL ESTATE GROWTH
CENTRE, THUMAKUNTA,
HINDUPUR (M)",ANDHRA PRADESH,7,2411.5,27,81.68,Very Poor
4395,"BOREWELL AT APLLC OFFICE
INDUSTRIAL ESTATE,
ANANTAPURAM (M)",ANDHRA PRADESH,7.05,3669,27,128.84,Unsuitable
4377,"BOREWELL AT IMITATION
JEWELLARY PARK,
MACHILIPTNAM",ANDHRA PRADESH,8.1,1908,27,62.8,Poor
1519,BOREWELL AT NAGIRI,ANDHRA PRADESH,7.199999999999999,2306.5,28.5,85.24,Very Poor
1518,"BOREWELL AT NANDYAL
(KUNDU)",ANDHRA PRADESH,7.25,7194.5,25,251.04,Unsuitable
4364,"BOREWELL AT RAJIV GRUHA
KA;PA, NEAR AP PAPER MAILLS
WORKERS COLONY,",ANDHRA PRADESH,7.6,1048,28,35.55,Good
4350,"BOREWELL AT ZP HIGH SCHOOL,
UDDANAM REGION,
AMALAPADU (V)
VAJRAPUKOTTURU",ANDHRA PRADESH,7.1,1140,24,29,Good
4384,"BOREWELL IN FRONT OF M/S
BHAGEERADHA CHEMICALS &
INDUSTRIES LTD,
CHERUVUKOMMUPALEM (V)
ONGOLE (M)",ANDHRA PRADESH,7.25,9795,22.5,361.06,Unsuitable
1513,"BOREWELL KRISHNA MURTHY,
D.NO. 48-16-43 AUTONAGAR
VIJJAYAWADA",ANDHRA PRADESH,7.449999999999999,1923.5,25,53.38,Poor
1523,"BOREWELL NEAR M/S ANDHRA
SUGARS LTD. , KOVVUR",ANDHRA PRADESH,7.3,878.5,25,14.19,Excellent
4392,"BOREWELL NEAR SRI
GOVINDARAJA SWAMY TEMPLE,
TIRUPATI TOWN",ANDHRA PRADESH,7.2,1397,27,43.64,Good
1520,"BOREWELL NEAR
SWARNAMUKHI RIVER AT
SRIKALAHASTI",ANDHRA PRADESH,7.3,1146.5,28.5,41.74,Good
1517,"BOREWELL NEAR TUNGBHADRA
RIVER KURNOOL",ANDHRA PRADESH,7.85,5091.5,24.5,174.68,Unsuitable
1516,"BOREWELL OF NAVLOK
GARDENS, NELLORE",ANDHRA PRADESH,8.1,1090,20.5,44.63,Good
1514,"BOREWELL VIJAY KUMAR
AUTONAGAR VIJAYAWADA",ANDHRA PRADESH,7.550000000000001,1930,25,53.63,Poor
4376,"BOREWELL WATER , APIIC
OFFICE, IDA KONDAPALLI,
IBRAHIMPATNAM (M)",ANDHRA PRADESH,7.35,3855,26,130.81,Unsuitable
4380,"BOREWELL WATER , SRI
VENKATESWARA SWAMY
TEMPLE, VENKATAPALEM (V),
TULLUR (M)",ANDHRA PRADESH,7.3,879.5,22,29.23,Good
4382,"BOREWELL WATER POLICE
STATION, AUTONAGAR,
PEDAKAKANI, GUNTUR",ANDHRA PRADESH,7.6,4515,21.5,168.06,Unsuitable
4393,"CLOSED MSW DUMPSITE,
UKKAYAPALLI (V), KADAPA (M)",ANDHRA PRADESH,7.35,3081,24.5,99.29,Very Poor
3090,"HAND PUMP AT
PITTAVANIPALEM,
VISHAKHAPATNAM",ANDHRA PRADESH,7.15,1796.5,27,58.62,Poor
3089,"HAND PUMP AT TANAM VILL.,
VISHAKHAPATNAM",ANDHRA PRADESH,7.550000000000001,2180,27.5,75.5,Very Poor
1524,"OPEN WELL NEAR PARTAP
NAGAR BRIDGE -KAKINADA",ANDHRA PRADESH,7.5,1221,28.5,44.54,Good
1521,"OPEN WELL NEAR RAMA
TEMPLE , WARD NO.2 , MINDI ,
VISAKHAPATNAM",ANDHRA PRADESH,7.15,2278.5,26.5,74.19,Poor
1522,OPEN WELL PEDDANUVVI -VIZIANAGARAM,ANDHRA PRADESH,7.65,1155,27.5,37.06,Good
26,"WELL AT GRAM PANCHAYAT
OFFICE, KAANURU, VIJAYWADA",ANDHRA PRADESH,7.55,1878.5,25,51.69,Poor
1537,"GROUND WATER AT (JORHAT,
ASSAM)",ASSAM,7.1,277,25.5,10.86,Excellent
1539,"GROUND WATER AT BARPETA,
ASSAM",ASSAM,7.45,316.5,30.5,34.38,Good
1540,"GROUND WATER AT
BONAIGAON, ASSAM",ASSAM,7.4,378,28,19.57,Excellent
1533,"GROUND WATER AT DIGBOI,
TINSUKIA DISTT., ASSAM",ASSAM,6.949999999999999,330,25,6.38,Excellent
1534,"GROUND WATER AT KARBI
ANGLONG DISTT., ASSAM",ASSAM,7.2,308,25,7.2,Excellent
1541,"GROUND WATER AT NOONMATI
GUWAHATI, ASSAM",ASSAM,7.449999999999999,404.5,28,18.58,Excellent
1535,"GROUND WATER AT SIBSAGAR
GOVT ME SCHOOL WARD 6, RED
CROSS ROAD , ASSAM",ASSAM,7.05,286,25.5,10.52,Excellent
1542,"GROUND WATER AT SIJUBARI
MAZAR, NATBOMA HATIGAON",ASSAM,7.8,353,27.5,18.01,Excellent
1538,"GROUND WATER AT SILCHAR,
ASSAM",ASSAM,7.1,243.5,23,19.62,Excellent
4328,"GROUND WATER BESIDE MSW
DUMPING SITE, DHEKIAJULI",ASSAM,7.7,315,26,11.94,Excellent
4338,"GROUND WATER FORM TENGA
PUKHURI KUKURACHOWA
WATER SUPPLY TENGA PUKHURI",ASSAM,7.25,264,25.5,11.35,Excellent
4335,"GROUND WATER FROM
AMGURI, AMGURI TOWN",ASSAM,7.4,253.5,24,14.24,Excellent
2254,"GROUND WATER FROM
BARPETA ROAD(RLY STATION),
ASSAM",ASSAM,7.6,316.5,28.5,24.38,Excellent
3816,"GROUND WATER FROM
BASISTHA, GUWAHATI",ASSAM,7.550000000000001,323,27,16.64,Excellent
3761,"GROUND WATER FROM
BISWANATH CHARIALI TOWN",ASSAM,7.699999999999999,260,28,24,Excellent
3813,"GROUND WATER FROM BONDA,
GUWAHATI",ASSAM,7.8,367.5,27,14.97,Excellent
4333,"GROUND WATER FROM DEMOW
WATER SUPPLY DEMOW TOWN",ASSAM,7.35,257.5,24,14.09,Excellent
2257,"GROUND WATER FROM DHUBRI
DISTRICT (COLLEGE NAGAR ),
ASSAM",ASSAM,7.35,332,35.5,58.8,Poor
2259,"GROUND WATER FROM DIPHU
(GOVT. COLLEGE), ASSAM",ASSAM,7,312,26,12.05,Excellent
3779,"GROUND WATER FROM
GARMUR, MAJULI",ASSAM,7.45,325.5,23,16.54,Excellent
4008,GROUND WATER FROM GELEKY,ASSAM,7.1,251.5,24,14.32,Excellent
2258,"GROUND WATER FROM
GOALPARA DIST. (GOALPARA
COLLEGE ), ASSAM",ASSAM,7.4,341,27,15.96,Excellent
2263,"GROUND WATER FROM
HIALAKANDI (NEAR ASTC BUS
STAND ), ASSAM",ASSAM,7.35,266,25,8.77,Excellent
2251,"GROUND WATER FROM
JAGIROAD NEAR HPC EFFLUENT
DISCHARGE POINT, ASSAM",ASSAM,7.25,320.5,27.5,19.23,Excellent
3817,"GROUND WATER FROM
KAHILIPARA, GUWAHATI",ASSAM,7.1,250,23,19.38,Excellent
2262,"GROUND WATER FROM
KARIMGANJ (COLLEGE), ASSAM",ASSAM,7.3,277,23,18.36,Excellent
3815,"GROUND WATER FROM
KHANAPARA, GUWAHATI",ASSAM,7.3,314.5,28,21.96,Excellent
2256,"GROUND WATER FROM
KOKRAJHAR DISTRICT (HS
SCHOOL ), ASSAM",ASSAM,7.6,361.5,30.5,32.69,Good
2248,"GROUND WATER FROM
LAKHIMPUR TOWN, ASSAM",ASSAM,7.75,249.5,30,34.39,Good
4007,"GROUND WATER FROM
LAKWAH",ASSAM,7.15,225,23.5,17.81,Excellent
2243,"GROUND WATER FROM LEDO,
MARGHERITA, ASSAM",ASSAM,7.1,325,24,11.56,Excellent
3818,"GROUND WATER FROM
MALIGAON, GUWAHATI",ASSAM,7.3,206.5,25,11.01,Excellent
3766,"GROUND WATER FROM
MANGALDOI TOWN",ASSAM,7.5,307,26,12.24,Excellent
3802,"GROUND WATER FROM
MEHEPUR NEAR A CLUSTER OF
NURSING HOME & DIAGNOSTIC
CENTRE, MEHERPUR, CACHAR",ASSAM,7.25,237,24.5,12.36,Excellent
3801,"GROUND WATER FROM
MEHEPUR TRENCHING GROUND,
MEHERPUR, CACHAR",ASSAM,7.050000000000001,331,24.5,8.84,Excellent
2250,"GROUND WATER FROM
NAGAON (PANIGAON), ASSAM",ASSAM,7.65,329,27,16.41,Excellent
4340,"GROUND WATER FROM
NAGAON COLLEGE, NAGAON",ASSAM,7.25,313,28,22.01,Excellent
2253,"GROUND WATER FROM
NALBARI, ASSAM",ASSAM,7.65,276.5,19.5,35.88,Good
2244,"GROUND WATER FROM NAZIRA,
ASSAM",ASSAM,6.9,301,26.5,14.96,Excellent
2245,"GROUND WATER FROM
NUMALIGARH (NEAR NRL TE
LABOR COLONY), ASSAM",ASSAM,7.2,361.5,28.5,22.69,Excellent
4001,"GROUND WATER FROM
PANJABARI",ASSAM,7.1,314,28,21.98,Excellent
4327,"GROUND WATER FROM
RAILWAY STATION ROAD,
ROWTA",ASSAM,7.2,328,26,11.45,Excellent
4002,"GROUND WATER FROM
SANTIPUR",ASSAM,7.4,262,24.5,11.43,Excellent
4303,"GROUND WATER FROM
SATGAON",ASSAM,7.4,320,27.5,19.25,Excellent
2246,"GROUND WATER FROM
SEMENCHAPARI, ASSAM",ASSAM,7.1,247,22,24.49,Excellent
2247,"GROUND WATER FROM
SILAPATHAR, ASSAM",ASSAM,7.3,260,22,24,Excellent
2249,"GROUND WATER FROM TEZPUR
(MISSION CHARIALI), ASSAM",ASSAM,7.4,195,24,16.44,Excellent
4003,"GROUND WATER FROM TEZPUR
COLLEGIATE HIGH SCHOOL",ASSAM,7.2,229,25.5,12.66,Excellent
3771,"GROUND WATER FROM TITABAR
URBAN WATER SUPPLY, TITABAR",ASSAM,7.9,412,27,13.3,Excellent
2264,"GROUND WATER IN
PANCHGRAM MARKET NEAR
CACHAR PAPER MILL, ASSAM",ASSAM,7.25,270,23.5,16.13,Excellent
3805,"GROUND WATER NEAR
BADARPUR INDUSTRIAL AREA
AT BADARPUR GHAT,
KARIMGANJ",ASSAM,7.15,263,24,13.89,Excellent
1536,"GROUND WATER NEAR BPMS
H.S. SCHOOL SONARI TOWN
DIST CHARAIDEO",ASSAM,7.5,305,31.5,39.81,Good
2255,"GROUND WATER NEAR BPRL,
DHALIGAON, ASSAM",ASSAM,7.4,340,29.5,28.5,Good
3770,"GROUND WATER NEAR
GARMUR RECREATION GROUND,
JORHAT",ASSAM,6.85,235.5,26,14.92,Excellent
3790,"GROUND WATER NEAR
GOGAMUKH PUBLIC WATER
SUPPLY SCHEME, GOGAMUKH,
DHEMAJI",ASSAM,7.2,205,22,26.06,Good
2252,"GROUND WATER NEAR MSW
DUMPING SITE AT GARCHUK-GUWAHATI, ASSAM",ASSAM,7.95,391,28,19.09,Excellent
3762,"GROUND WATER NEAR
MUNICIPAL WASTE PROCESSING
FACILITY, MORABHARLI, TEZPUR",ASSAM,7.2,286.5,25.5,10.51,Excellent
4339,"GROUND WATER NEAR NAGAON
TOWN PIPE WATER SUPPLY
SCHEME(Z-111), NAGAON",ASSAM,7.4,265,26,13.81,Excellent
4330,"GROUND WATER NEAR
PANGRAM STONE CRASHER
CLUSTER",ASSAM,7.5,91,20,40.34,Good
3794,"TUBE WELL AT R/O SRI ANIL
BAORA AT BOSAGAON NEAR BY
THE ATHKHALIA, NAMGHAR, PO:
PULIKAITONI",ASSAM,7.5,367,26,9.99,Excellent
3793,"TUBE WELL AT R/O SRI
TANKESWAR DAS, RUPJYOTI
COLONY (NAGABALI)
MUNICIPALITY DUMPING SITE,
GOLAGHAT",ASSAM,6.9,351.5,27.5,18.07,Excellent
3795,"TUBE WELL OF WOKHA
GORONGA GIRLS ME SCHOOL,
GOROUNGA TINIALI, FURKATING",ASSAM,7.3,391,26.5,11.59,Excellent
1830,"BORE WELL WATER (PHED PUMP
HOUSE) SADAR HOSPITAL
CAMPUS, MUZAFFARPUR",BIHAR,7.3,927,24,21.01,Excellent
1826,"BORE WELL WATER AT BHUT
NATH ROAD WATER TANK SEC-3,
KANKARBAGH,PATNA",BIHAR,7.550000000000001,460.5,25.5,3.98,Excellent
1825,"BORE WELL WATER AT KATRA
BAZAR WATER TANK,
MALSALAMI, PATNA",BIHAR,7.4,444,24.5,4.6,Excellent
1829,"BORE WELL WATER FROM IGIMS
CAMPUS, PATNA",BIHAR,7.5,459.5,26.5,9.02,Excellent
1828,"BORE WELL WATER IN CAMPUS
OF PATNA WATER BOARD HEAD
OFFICE, NEAR HIGH COURT,
PATNA",BIHAR,7.45,488,28,15.45,Excellent
1831,"BORE WELL WATER MMC PUMP
HOUSE BRAHMPURA NAKA,
MUZAFFARPUR",BIHAR,7.5,641,24,10.29,Excellent
1844,"BORE WELL WATER NEAR
COMMISSIONARY OFFICE,
CHAPRA",BIHAR,7,1160,26,29.75,Good
3139,GROUND WATER FROM ARARIA,BIHAR,7.6,296,28,22.65,Excellent
3138,GROUND WATER FROM ARRAH,BIHAR,7.35,748,24.5,11.8,Excellent
3143,"GROUND WATER FROM
BAGAHA",BIHAR,7.6,345,25,5.81,Excellent
3144,GROUND WATER FROM BARH,BIHAR,7.45,830.5,21,32.39,Good
1837,"GROUND WATER FROM
BEGUSARAI",BIHAR,7.7,828,21,32.3,Good
3140,GROUND WATER FROM BETTIAH,BIHAR,7.2,968,25,17.55,Excellent
3142,"GROUND WATER FROM
BIKRAMGANJ",BIHAR,7.9,383,22,19.39,Excellent
3141,"GROUND WATER FROM
BODHGAYA",BIHAR,7.7,785,20,35.69,Good
3145,"GROUND WATER FROM DEHRI
ON SONE",BIHAR,7.4,238,20,34.83,Good
3146,"GROUND WATER FROM
DUMRAON",BIHAR,7.9,435.5,26,7.42,Excellent
3148,"GROUND WATER FROM
JAMALPUR",BIHAR,7,877,20,39.14,Good
3147,"GROUND WATER FROM
JAYNAGAR",BIHAR,7.300000000000001,392.5,22,19.03,Excellent
3161,"GROUND WATER FROM
KATIHAR",BIHAR,7.85,965,25.5,19.94,Excellent
3149,GROUND WATER FROM KUDRA,BIHAR,7.9,571,22,17.66,Excellent
3150,GROUND WATER FROM MANER,BIHAR,7.2,774,24,15.27,Excellent
3151,"GROUND WATER FROM
MOHANIA",BIHAR,7.8,1040,23,30.25,Good
3152,"GROUND WATER FROM
NARKATIAGANJ",BIHAR,7.9,232,24,15.05,Excellent
2593,"GROUND WATER FROM
NAWADA",BIHAR,7.2,1280,21,49.25,Good
3153,GROUND WATER FROM PIRO,BIHAR,7.5,1110,22,37.88,Good
3154,"GROUND WATER FROM
RAMKUND GAYA",BIHAR,7.4,935,24,21.31,Excellent
3160,GROUND WATER FROM RAXAUL,BIHAR,7.9,269,25,8.66,Excellent
2594,"GROUND WATER FROM
SAHARSA",BIHAR,7.9,900.5,25.5,17.52,Excellent
2595,"GROUND WATER FROM
SAMASTIPUR",BIHAR,7.75,827.5,22,27.28,Good
3156,"GROUND WATER FROM
SAMASTIPUR",BIHAR,6.85,1380,22,48,Good
3159,"GROUND WATER FROM
SHAHPUR",BIHAR,7,713,26,12.99,Excellent
3158,"GROUND WATER FROM
SHERGHATI",BIHAR,7.6,299,20,32.54,Good
2596,"GROUND WATER FROM
SITAMARHI",BIHAR,7.800000000000001,292.5,24.5,10.28,Excellent
2597,GROUND WATER FROM SIWAN,BIHAR,7.3,448,24,6.95,Excellent
3157,"GROUND WATER FROM
SULTANGANJ",BIHAR,6.9,1245,22,42.94,Good
3155,GROUND WATER FROM SUPUAL,BIHAR,7.75,741,26,14.04,Excellent
1827,"GROUND WATER FROM TAP
WATER COMING FROM OVER
HEAD TANK PMCH CAMPUS,
PATNA",BIHAR,7.6,455.5,26.5,9.17,Excellent
1838,"GROUND WATER FROM TAP
WATER NEAR VEER KUWAR
SINGH CHOWK, MUNGER",BIHAR,7.1,1030,20,44.88,Good
2600,"GROUND WATER FROM
VAISHALI",BIHAR,7.05,1313.5,22.5,43.01,Good
3162,"GROUND WATER FROM
VAISHALI",BIHAR,7.1,583,23,13.11,Excellent
1832,"GROUND WATER NEAR TAP
WATER IN CAMPUS OF KALI
ASTHAN, BEGUSARAI",BIHAR,7.4,914,26,20.52,Excellent
1833,"GROUND WATER NEAR TAP
WATER IN CAMPUS OF S.P
OFFICE, POKHARIA, BEGUSARAI",BIHAR,7.05,571.5,26.5,10.18,Excellent
2583,"HAND PUMP WATER AT BUS
STAND, GOPALGANJ",BIHAR,7.1,1620,28,57,Poor
2586,"HAND PUMP WATER AT BUS
STAND, KATIHAR",BIHAR,7.7,447.5,25.5,4.47,Excellent
2590,"HAND PUMP WATER AT
COLLECTRIATE OFFICE,
MADHUBANI",BIHAR,7.15,501.5,21,20.06,Excellent
2577,"HAND PUMP WATER AT COURT
CAMPOUND, ARARIA",BIHAR,7.4,511,28.5,17.91,Excellent
2588,"HAND PUMP WATER AT D.M
OFFICE, KISHANGANJ",BIHAR,7.65,797,25,11.14,Excellent
2582,"HAND PUMP WATER AT
DARBHANGA BUS STAND,
DARBHANGA",BIHAR,8.1,352,20,30.55,Good
2581,"HAND PUMP WATER AT KILA
GATE NEAR RAMBAGH MITHILA
UNIVERSITY, DARBHANGA",BIHAR,7.65,359,23,15.29,Excellent
2578,"HAND PUMP WATER AT SARDAR
PATEL BUS STAND, BHOJPUR",BIHAR,7.1,1155.5,24.5,27.08,Good
2584,"HAND PUMP WATER AT
THAWAY MANDIR CAMPUS,
GOPALGANJ",BIHAR,7.2,1170,27,35.13,Good
2580,"HAND PUMP WATER FROM
NAGAR PARISHAD, BHABHUA",BIHAR,7.1,1330,22,46.13,Good
2599,"GROUND WATER BUS STAND
SASARAM, ROHTAS",BIHAR,7.9,735,20,33.81,Good
2045,"GROUND WATER FROM DADU
MAJRA, CHANDIGARH",CHANDIGARH,7.15,759,25.65,12.96,Excellent
2044,"GROUND WATER FROM DHANAS
VILLAGE, CHANDIGARH",CHANDIGARH,7.15,804,25.65,14.65,Excellent
2043,"GROUND WATER FROM
PALSORA VILLAGE,
CHANDIGARH",CHANDIGARH,7.300000000000001,902.5,25.7,18.59,Excellent
2039,"GROUND WATER FROM SECTOR
15, CHANDIGARH",CHANDIGARH,7.25,527.5,25.65,4.28,Excellent
2040,"GROUND WATER FROM SECTOR
22, CHANDIGARH",CHANDIGARH,7.05,712.5,25.549999999999997,10.72,Excellent
2041,"GROUND WATER FROM SECTOR
34, CHANDIGARH",CHANDIGARH,7,846,25.4,14.97,Excellent
2042,"GROUND WATER FROM SECTOR
47, CHANDIGARH",CHANDIGARH,7.15,621.5,25.8,8.56,Excellent
3174,"BOREWELL/ HANDPUMP IN
DHANRAS, NTPC, KORBA,
CHHATISGARH.",CHHATTISGARH,7.199999999999999,2302,26.2,73.57,Poor
3173,"BOREWELL/ HANDPUMP IN
PARSABHATA, BALCO, KORBA,
CHHATISGARH.",CHHATTISGARH,7.15,25477,26.05,941.89,Unsuitable
3172,"BOREWELL/ HANDPUMP IN
ROGBAHRI VILLAGE, KORBA,
CHHATISGARH.",CHHATTISGARH,6.9,4898,26.2,170.93,Unsuitable
1623,"GROUND WATER AT BILASPUR
REGION, CHHATISGARH.",CHHATTISGARH,7.5,378,27.4,16.57,Excellent
1622,"GROUND WATER AT GOVIND
NAGAR BILASPUR REGION,
CHHATISGARH.",CHHATTISGARH,7.4,348,27.3,17.2,Excellent
1620,"GROUND WATER AT JANTA
COLONY, STATION ROAD,
RAIPUR REGION, CHHATISGARH.",CHHATTISGARH,7.4,256,28,24.15,Excellent
1621,"GROUND WATER AT RAIPUR
REGION, CHHATISGARH.",CHHATTISGARH,7.35,258.5,25,9.06,Excellent
1839,"HAND PUMP WATER IN CAMPUS
OF KASTURBA WATER WORKS,
MUNGER",BIHAR,7.65,323,24,11.64,Excellent
1836,"HAND PUMP WATER NEAR BUS
STAND TILKS MANJHI CHOWK,
BEGUSARAI",BIHAR,7.2,257,21,29.11,Good
1835,"HAND PUMP WATER NEAR
COURT LOWER COURT, PURNEA",BIHAR,7.3,629,26.5,12.34,Excellent
2589,"HAND PUMP WATER NEAR D.M
OFFICE, MADHEPURA",BIHAR,7.949999999999999,641.5,26,10.31,Excellent
1834,"HAND PUMP WATER NEAR
GOVT. HOSPITAL, PURNEA",BIHAR,7.550000000000001,668.5,27,16.32,Excellent
2587,"HAND PUMP WATER NEAR
SADAR HOSPITAL, KHAGARIA",BIHAR,7.550000000000001,783.5,27,20.63,Excellent
1843,"PHED WATER SUPPLY NEAR BUS
STAND, RAJGIR",BIHAR,7.3,486,25,0.52,Excellent
2591,"TAP WATER INSIDE THE CAMPUS
OF TOURIST CAFETERIA,
NALANDA",BIHAR,7.1,1440,21,55.25,Poor
2585,"TAP WATER NEAR PANI TANKI
AT JAHANABAD COURT,
JAHANABAD",BIHAR,7.8,944,25,16.65,Excellent
1840,"TAP WATER PHED PUMP HOUSE
MAIN ROAD, MOTIHARI",BIHAR,8.2,312,24,12.05,Excellent
1842,"TAP WATER SAMPLE AT
RAMKUND, GAYA",BIHAR,8.7,480,21,63.25,Poor
1841,"TAP WELL WATER FROM T.
MODAL INTER SCHOOL, G.B
ROAD, GAYA",BIHAR,7,1120,24,28.25,Good
2579,"TUBE WELL WATER AT
COLLECTRIATE CAMPUS, BUXAR",BIHAR,6.95,818,22,26.93,Good
2592,"HAND WATER AT CIVIL COURT
BIHAR SHARIF, NALANDA",BIHAR,7.8,2080,24,64.25,Poor
2598,"BOREWELL WATER NEAR
DHARMSHALA SASARAM,
ROHTAS",BIHAR,7.9,241,21,29.71,Good
2448,"GROUND WATER FROM VILLAGE
BHIMPORE, DAMAN",DAMAN & DIU,7.15,440,28.2,18.25,Excellent
1440,"WELL AT SOMNATH INDUSTRIAL
ESTATE, DAMAN",DAMAN & DIU,6.9,824.5,28.200000000000003,28.17,Good
2454,"WELL AT VILLAGE ATHAL, DADRA",DADRA & NAGAR HAVELI,7.199999999999999,583,28.4,20.11,Excellent
2451,"WELL AT VILLAGE DABHEL,
DAMAN",DAMAN & DIU,7.05,1222,28.75,45.83,Good
2450,"WELL AT VILLAGE DUNETHA,
DAMAN",DAMAN & DIU,7.25,746,27.9,23.72,Excellent
2457,"WELL AT VILLAGE GALONDA,
DADRA",DADRA & NAGAR HAVELI,7.199999999999999,400,27.25,15,Excellent
2452,"WELL AT VILLAGE KACHIGAM,
DAMAN",DAMAN & DIU,7.25,446,28.950000000000003,21.78,Excellent
2453,"WELL AT VILLAGE KHANVEL,
DADRA",DADRA & NAGAR HAVELI,6.85,489,29.25,21.66,Excellent
2456,"WELL AT VILLAGE PIPERIA,
DADRA",DADRA & NAGAR HAVELI,7.15,2856,27.6,101.35,Unsuitable
2449,"WELL AT VILLAGE
RINGANWADA, DAMAN",DAMAN & DIU,7.6,2092.5,28.6,77.72,Very Poor
2458,"WELL AT VILLAGE, DADRA",DADRA & NAGAR HAVELI,7.25,3108.5,27.3,109.32,Unsuitable
3194,"BORE WELL AT BETHORA
INDUSTRIAL ESTATE",GOA,7.1,118,29,34.33,Good
3195,"BORE WELL AT MADKAIM
INDUSTRIAL ESTATE",GOA,7.9,101,28,29.96,Good
2281,WELL AT CORLIM INDL. ESTATE,GOA,5,91,29,85.34,Very Poor
2280,"WELL AT KUDAI INDL.
ESTATE(M/S CADILA
HEALTHCARE LIMITED)",GOA,5.6,122,28,64.18,Poor
2282,"WELL AT PILERNE INDUSTRIAL
ESTATE(M/S UNICHEM )",GOA,6.9,314,28,21.98,Excellent
2278,"WELL AT SANCOALE
INDL.ESTATE",GOA,7.1,258,29,29.07,Good
2277,"WELL AT VERNA
INDI.ESTATE.(M/S CIPLA
LIMITED)",GOA,6.3,378,30,47.08,Good
1967,"ATUL, VILLAGE G.W, (VALSAD)",GUJARAT,7.7,2679,27,91.71,Very Poor
2089,"B/W NEAR INDL. AREA
BORASARA & NAVAPURA, DIST.
SURAT.",GUJARAT,8.15,3212.5,30.5,129.22,Unsuitable
4414,"B/W OF DISASTER PREVENTION
AND MANAGEMANT
CENTER(DPMC) GIDE, ANKLE
SHWAR FOR (MINARS)",GUJARAT,8.05,1190.5,28,40.89,Good
4413,"B/W OF JASHWANTBHAI
PARMAR, S. NO. 18 AT: VILLAGE
KALAMSAR, TA KHAMBHAT",GUJARAT,8.399999999999999,1218.5,29.5,49.44,Good
2095,"BORE WELL AT STP MADHAPAR,
DIST. RAJKOT.",GUJARAT,7.2,1206,28,41.47,Good
4416,BORE WELL AT VORAGAMDI,GUJARAT,7.8,2813,31.5,119.24,Unsuitable
2083,BORE WELL OF CHHATRAL GIDC.,GUJARAT,8.2,2324,29,88.4,Very Poor
4422,"BORE WELL OF ITI COLLAGE OPP,
M/S PALIWAL MILK AT MOTA
SONELA, MODASA ROAD, TAL,
LUNAVADA, DIST. MAHISAGAR",GUJARAT,7.95,917,28,30.64,Good
2091,"BORE WELL OF NAVSARI GIDC
INDUSTRIES ASSOCIATION
OFFICE.",GUJARAT,8.15,2368,32,105.05,Unsuitable
2084,"BORE WELL OF PALSANA
VILLAGE.",GUJARAT,8.45,1330.5,30,56.14,Poor
2098,"BORE WELL OF PIRANA
TERMINAL PUMPING STATION,
PIRANA, NR. V. N. BRIDGE,
AHMEDABAD.",GUJARAT,7.5,2980,27.5,105.5,Unsuitable
2088,BORE WELL OF SACHIN GIDC.,GUJARAT,7.699999999999999,8235.5,30.5,317.58,Unsuitable
2085,BORE WELL OF SANTEJ VILLAGE.,GUJARAT,7.1,2164,29,82.4,Very Poor
2097,"BORE WELL OF SOMESHWAR
RICE MILL, NR. BAVLA ECO
PROJECT, (CETP ), VILL. BAVLA,
DIST. AHMEDABAD.",GUJARAT,7.9,5532.5,31.5,221.22,Unsuitable
2096,"BORE WELL, SNR. VINAYAK JAL
SUDDHIKARAN SAHAKARI
MANDALI LTD. (CETP ), VILL.
BAVLA, DIST. AHMEDABAD.",GUJARAT,7.699999999999999,5751.5,32,231.93,Unsuitable
3245,"BOREWELL AT DHANGADHRA
NEAR DHANGADHRA
CHEMICALS",GUJARAT,7.35,1451.5,30,60.68,Poor
3210,"BOREWELL AT PIRAMAL GLASS,
VILLAGE TARSADI AT KOSAMBA
INDUSTRIAL AREA, SURAT",GUJARAT,7.800000000000001,3819.5,29.5,146.98,Unsuitable
3211,"BOREWELL AT PRIMARY HEALTH
CENTER, KADODARA, SURAT",GUJARAT,8.15,1991,29.5,78.41,Very Poor
1970,"BOREWELL D/S TSDF SITE, GIDC
INDUSTRIAL AREA, VAPI",GUJARAT,7.8,2172,26,67.7,Poor
3223,"BOREWELL KADI INDUSTRIAL
AREA",GUJARAT,7.949999999999999,2091.5,29,79.68,Very Poor
3212,"BOREWELL NEAR CENTER OF
EXCELLENCE BUILDING, GIDC,
VATVA, AHMEDABAD",GUJARAT,7.95,2286,28.5,84.47,Very Poor
3214,"BOREWELL NEAR GIDC ODHAV
INDUSTRIAL ASSOCIATION",GUJARAT,7.8500000000000005,2208,28.5,81.55,Very Poor
3215,"BOREWELL NEAR MUNICIPAL
SOLID WASTE SITE- GYASPUR,
NAROL, AHMEDABAD",GUJARAT,7.699999999999999,3648,27,128.05,Unsuitable
3244,"BOREWELL NEAR TSDF OF
BHARUCH ENVIRO
INFRASTRUCTURE LIMITED,
ANKLESHWAR, BHARUCH",GUJARAT,7.25,3368,28.5,125.05,Unsuitable
3216,"BOREWELL NEAR TSDF SITE OF
GREEN ENVIRONMNET SERVICES
CO. OP.LTD, VATVA,
AHMEDABAD",GUJARAT,7.8,2781.5,28.5,103.06,Unsuitable
3217,"BOREWELL NEAR TSDF SITE OF
NARODA ENVIRO PROJECT.LTD,
ODHAVE, AHMEDABAD",GUJARAT,8.05,2412,28.5,89.2,Very Poor
3234,"BOREWELL NERA TSDF OF
NANDESARI ENVIRO CONTROL
LIMITED, NADESARI, VADODARA",GUJARAT,8.05,10218,29.5,386.92,Unsuitable
3240,"BOREWELL OF AJI GIDC, RAJKOT",GUJARAT,7.4,1526,27,48.47,Good
3209,"BOREWELL OF GAYATRI PRAGNA
SCHOOL, BHADARWAD ROAD,
BAZAR FALIA, SARIGAM, VALSAD",GUJARAT,7.6,905.5,28.5,32.71,Good
3235,"BOREWELL OF GIDC KALOL, B/H
GIDC OFFICE, GIDC, KALOL,
GANDHINAGAR",GUJARAT,7.7,2091,29,79.66,Very Poor
3238,BOREWELL OF GIDC KANSARI,GUJARAT,7.9,5119.5,29.5,195.73,Unsuitable
3246,"BOREWELL OF GIDC OFFICE,
SHANKAR TEKRI,
UDHYOGNAGAR, JAMNANGAR",GUJARAT,7.449999999999999,3362,26,112.32,Unsuitable
3232,"BOREWELL OF GIDC, ANTALIA
WATER SUPPLY, BILLIMORA,
GANDEVI",GUJARAT,8.1,2122.5,32,95.84,Very Poor
3207,"BOREWELL OF GIDC, JHAGADIA",GUJARAT,7.75,1962,29,74.82,Poor
3230,"BOREWELL OF GIDC, JUNAGADH",GUJARAT,7.5,3174.5,29.5,122.79,Unsuitable
3222,"BOREWELL OF GIDC, PANOLI",GUJARAT,7.4,5225,28,192.19,Unsuitable
3239,"BOREWELL OF GIDC, SOJITRA",GUJARAT,8,3130.5,29.5,121.14,Unsuitable
3220,"BOREWELL OF GIDC-NADIAD AT
GIDC OFFICE, GIDC NADIAD,
KHEDA",GUJARAT,7.55,2727.5,31,113.53,Unsuitable
3233,"BOREWELL OF KALIAWADI GRID
ROAD, NAVSARI",GUJARAT,8.2,2530,31,106.13,Unsuitable
3237,"BOREWELL OF L & T LTD., PLOT
NO. 144/146, SARKHEJ-BAVLA
ROAD, SANAND, AHMEDABAD",GUJARAT,7.699999999999999,3913.5,31,158.01,Unsuitable
3236,"BOREWELL OF M/S ALFA ECA (I)
LTD., UNIT-1, SR.NO. 249, UMA
IND. ESTATE, VASNA , IYAVA,
SANAND, AHMEDABAD",GUJARAT,7.75,1972.5,28.5,72.72,Poor
4411,"BOREWELL OF MR.
HITENDRABHAI LAKHMANBHAI
KER SHIV SAI PARK, NEW
SMASHAN ROAD,
GANDHINAGAR",GUJARAT,7.800000000000001,3278.5,26,109.19,Unsuitable
4412,"BOREWELL OF SHRI
KANKESHWAR MAHADEV
MANDIR, OPP. MSW DUMPSITE,
VIBHAPAR",GUJARAT,7.050000000000001,6352.5,25.5,221.97,Unsuitable
3247,"BOREWELL OF SHRI MAHAVIR
METAL CRAFT PVT. LTD., PLOT
NO. 3059, ROAD NO.6, NR.
MAHAVIR CIRCLE, PHASE-III,
GIDC, DARED, JAMNAGAR",GUJARAT,7.7,2520.5,26,80.77,Very Poor
3221,"BOREWELL OF TOWN RAJPIPLA,
DIST.NARMADA",GUJARAT,7.55,736,29,28.85,Good
3213,"BOREWELL, CETP-NARODA,
GIDC, NARODA-AHMEDABAD",GUJARAT,7.95,2508,27.5,87.8,Very Poor
3224,DEESA BOREWELL,GUJARAT,7.75,974,28.5,35.27,Good
3229,"GIDC, DAHOD, DAHOD",GUJARAT,8,1802,28,63.82,Poor
3228,"GIDC, HALOL, PANCHMAHAL",GUJARAT,8.2,2749.5,28,99.36,Very Poor
1954,GROUND WATER AT BHUJ,GUJARAT,7.550000000000001,3060,30,121,Unsuitable
1960,GROUND WATER AT DAHOD,GUJARAT,8.2,1275.5,28,44.08,Good
1961,GROUND WATER AT GODHARA,GUJARAT,8.1,1205,28,41.44,Good
1958,"GROUND WATER AT
HIMATNAGAR",GUJARAT,7.8,1039.5,25.5,22.73,Excellent
1953,GROUND WATER AT JAMNAGAR,GUJARAT,7.1,1620.5,26,47.02,Good
1950,GROUND WATER AT JUNAGADH,GUJARAT,7.35,1021.5,28.5,37.06,Good
1956,GROUND WATER AT MEHASANA,GUJARAT,7.8,3267,29,123.76,Unsuitable
1959,GROUND WATER AT NADIAD,GUJARAT,8,1637.5,31,72.66,Poor
1955,GROUND WATER AT PALANPUR,GUJARAT,7.4,1319,31,60.71,Poor
1951,GROUND WATER AT RAJKOT,GUJARAT,7.3,786,28,25.73,Good
1957,"GROUND WATER AT SIDDHPUR
(DIST.PATAN)",GUJARAT,7.85,1693.5,27.5,57.26,Poor
1952,"GROUND WATER AT
SURENDRANAGAR",GUJARAT,7.6,3079,28,111.71,Unsuitable
3208,"JILLA PANCHAYAT SCHOOL,
NEAR GRAM PANCHAYAT KATA
FALIA, VILLAGE NAMDHA,
VALSAD",GUJARAT,7.45,619,26,9.46,Excellent
1965,"MORA-HAJIRA (INDUSTRIAL),
HAJIRA",GUJARAT,8,1303.5,30,55.13,Poor
1964,PANDESARA (INDSTRIAL) SURAT,GUJARAT,7.85,2847.5,30.5,115.53,Unsuitable
3226,PATAN BOREWELL,GUJARAT,8,1832,29,69.95,Poor
1969,"SARIGAM VILLAGE (D/S OF
INDUSTRIALAREA), VAPI",GUJARAT,7.6,991.5,29,38.43,Good
1962,VADODARA (INDUSTRIAL-NANDESARI),GUJARAT,7.75,5149,29,194.34,Unsuitable
1968,"VAPI INDUSTRIAL AREA IN D/S,
VAPI",GUJARAT,7.95,752,27,19.45,Excellent
3227,VIJAPUR (RANASAN) BOREWELL,GUJARAT,7.6499999999999995,1770,30,72.63,Poor
3225,VISNAGAR BOREWELL,GUJARAT,8.15,1523,29,58.36,Poor
3,WELL AT AHMEDABAD,GUJARAT,8.5,2704,33,122.65,Unsuitable
2094,"WELL AT ANKLESHWAR
INDUSTRIAL AREA (BORE WELL
OF M/S INDUSTRIAL CARBON AT
ANKLESHWAR- RAJPIPLA ROAD.",GUJARAT,7.199999999999999,6747,29,254.26,Unsuitable
6,WELL AT BARODA,GUJARAT,7.9,1370,30,57.63,Poor
2090,WELL AT OLPAD.,GUJARAT,7.6,13950,29,524.38,Unsuitable
2093,"WELL OF BARDOLI AT REST
HOUSE.",GUJARAT,7.949999999999999,1666.5,29.5,66.24,Poor
3219,"WELL OF IDAR, NAGAR PALIKA,
SAKARIA, IDAR",GUJARAT,7.5,948.5,25.5,19.32,Excellent
3218,"WELL OF MODASA, NAGAR
PALIKA, VARIGRUH, MODASA",GUJARAT,7.6,1163,25.5,27.36,Good
4832,"BOREWELL IN THE PREMISES OF
CETP, MURTHAL, SONEPAT",HARYANA,7.4,2570,5.2,176.63,Unsuitable
4844,"BOREWELL NEAR POSCO
COMPANY, SECTOR - 14, PHASE -II, VILLAGE PATHUHERA, HSIIDC,
IMT, BAWAL",HARYANA,7.4,1590,33.1,81.38,Very Poor
4843,"GEPIL, VILLAGE PALI,
MOHABATABAD CRUSHER ZONE,
FARIDABAD",HARYANA,7.25,897,18,49.89,Good
4434,"BOREWELL OF DIC UNA AT IA
JEETPUR BEHRI",HIMACHAL PRADESH,7.35,395,22.25,17.69,Excellent
1877,"GROUND WATER AT BADDI
INDUSTRIAL AREA",HIMACHAL PRADESH,8,561.5,25.5,4.81,Excellent
1559,"GROUND WATER AT
BAROTIWALA",HIMACHAL PRADESH,8.1,591,24,8.41,Excellent
1878,"GROUND WATER AT
BAROTIWALA INDUSTRIAL AREA",HIMACHAL PRADESH,7.8,564,24,7.4,Excellent
1561,GROUND WATER AT DAMTAL,HIMACHAL PRADESH,7,534,19,31.27,Good
1873,"GROUND WATER AT
DHARAMSHALA KANGRA D/S OF
MSW DUMPING SITE",HIMACHAL PRADESH,7.15,328.5,16,51.43,Poor
1882,"GROUND WATER AT MEHATPUR
INDUSTRIAL AREA",HIMACHAL PRADESH,7.05,644.5,22.75,16.67,Excellent
1560,GROUND WATER AT NALAGARH,HIMACHAL PRADESH,8.2,981,23,28.04,Good
1879,"GROUND WATER AT NALAGARH
INDUSTRIAL AREA",HIMACHAL PRADESH,7.9,660,24,11,Excellent
1881,"GROUND WATER AT PAONTA
SAHIB INDUSTRIAL AREA",HIMACHAL PRADESH,7.800000000000001,422.5,23,12.91,Excellent
1876,"GROUND WATER AT
PARWANOO INDUSTRIAL AREA",HIMACHAL PRADESH,7.9,502,15.5,47.58,Good
1872,"GROUND WATER AT SHIMLA D/S
OF MSW DUMPING SITE",HIMACHAL PRADESH,7.6,6569.5,11.5,295.11,Unsuitable
1874,"GROUND WATER AT SOLAN-D/S
OF MSW DUMPING SITE
SALOGRA",HIMACHAL PRADESH,8.25,565.5,19,32.46,Good
1883,"GROUND WATER AT UNA
INDUSTRIAL AREA",HIMACHAL PRADESH,7.55,592.5,25.25,4.72,Excellent
4483,"GROUND WATER SUPPLY
SCHEME (MC UNA)",HIMACHAL PRADESH,7.3,463,25,1.39,Excellent
2632,"HAND PUMP AT BILASPUR
TOWN",HIMACHAL PRADESH,7.449999999999999,684.5,19,36.92,Good
2641,HAND PUMP AT CHAMBA TOWN,HIMACHAL PRADESH,7.25,575.5,12.5,65.33,Poor
2639,"HAND PUMP AT CHAMUNDA
DEVI TEMPLE/ TOWN",HIMACHAL PRADESH,7.45,185.5,18,46.79,Good
2638,"HAND PUMP AT CHINTPURNI
TEMPLE/ TOWN",HIMACHAL PRADESH,7.4,362,22,20.18,Excellent
2637,"HAND PUMP AT JWALAJI
TEMPLE",HIMACHAL PRADESH,7,586.5,19,33.24,Good
2648,HAND PUMP AT KEYLONG,HIMACHAL PRADESH,7.7,305,9,87.31,Very Poor
2629,HAND PUMP AT MANDI TOWN,HIMACHAL PRADESH,7.7,424,22,17.85,Excellent
2628,HAND PUMP AT SHAMSHI,HIMACHAL PRADESH,7.3,342,21,25.93,Good
2647,HAND PUMP AT TAHLIWAL IA,HIMACHAL PRADESH,7.7,510.5,25,0.39,Excellent
4456,"HANDPUMP AT VILLAGE MUGIA
NEAR SHIV TEMPLE",HIMACHAL PRADESH,6.75,369,13.5,62.41,Poor
4478,"INFTING WATER SUPLY SCHEME
SAMSHI, NEAR SABJI MANDI
BHUNTAR, TEHSIL KULLU, DISTT
KULLU",HIMACHAL PRADESH,7.35,242,14.5,62.17,Poor
4467,"LIFT WATER SUPPLY SCHEME
FOR DHARAMSHALA TOWN,
NEAR HOTEL DHAULADHAR
HEIGHTS DARI, DHARAMSHALA",HIMACHAL PRADESH,7.25,367.5,16,49.97,Good
4468,"WATER SUPPLY SCHEME DARI,
MELA GROUND DARI,
DHARAMSHALA",HIMACHAL PRADESH,6.95,188,15,61.7,Poor
4472,"WATER SUPPLY SCHEME
NAGROTA TOWN, NEAR POLICE
STATION, NAGROTA BAGWAN",HIMACHAL PRADESH,6.800000000000001,186,19,41.77,Good
1558,WELL AT BADDI,HIMACHAL PRADESH,8.1,1150,24,29.38,Good
1556,WELL AT PAONTA SAHIB,HIMACHAL PRADESH,7.4,617.5,23.5,11.91,Excellent
1557,WELL AT PARWANOO,HIMACHAL PRADESH,8.55,699,17,86.21,Very Poor
1562,WELL AT UNA,HIMACHAL PRADESH,7.550000000000001,443.5,25.25,3.37,Excellent
4068,"BABA TALAB (ANCIENT POND)
AT MISHRIWALA (WETLAND)",JAMMU & KASHMIR,8,340,24,11,Excellent
4072,"BOREWELL IN SMAILPUR NEAR
CHRISTIAN HOSPITAL",JAMMU & KASHMIR,7.4,360,23,15.25,Excellent
4065,"BOREWELL NEAR INDUSTRIAL
AREA BARI-BRAHMNA",JAMMU & KASHMIR,7.7,348,24,10.7,Excellent
4064,"BOREWELL NEAR INDUSTRIAL
AREA GANGYAL",JAMMU & KASHMIR,7.6,334,22,21.23,Excellent
4066,"BOREWELL NEAR INDUSTRIAL
AREA SAMBA",JAMMU & KASHMIR,7.3,496,18,35.15,Good
4073,"BOREWELL NEAR MAIN CHOWK,
SMAILPUR",JAMMU & KASHMIR,7.9,420,23,13,Excellent
2759,"DUGWELL AT
GAGHWAL(KATHUA DISTT)",JAMMU & KASHMIR,6.9,600,20,28.75,Good
2760,"MALADHAR TALAB(POND)HATLI
(KATHUA)",JAMMU & KASHMIR,7.5,340,24,11,Excellent
2762,"R.S. PURA TEHSIL, JAMMU",JAMMU & KASHMIR,8.3,560,21,22.25,Excellent
2761,"TUBE WELL KATHUA SICOP
INDUSTRIAL AREA KATHUA",JAMMU & KASHMIR,7.3,475,22,15.94,Excellent
4492,"HAND PUMP NEAR GARBAGE
DUMP, RAKSHIBANDH DUMKA",JHARKHAND,7.8,250,25.5,11.88,Excellent
4493,HOLY POND AT VILLAGE SIKATIA,JHARKHAND,7.55,276,24.5,10.9,Excellent
3564,"BOREWELL WATER NEAR
MANGALIJYOTHI SCHOOL MSW
SITE VAMMANJOOR",KARNATAKA,7,158.5,27.5,25.31,Good
19,"WELL AT ALWAYE, KERALA",KERALA,6.85,198,24.5,13.82,Excellent
2323,"WELL AT BRAHMAPURAM
M.S.W. DUMPARK
(ERNAKULAM)",KERALA,6.25,181,28.5,48.21,Good
2316,"WELL AT CHELLORA TRENCHING
GROUND (KANNUR)",KERALA,5.15,68.5,27.5,74.93,Poor
1584,"WELL AT CHERTHALA, ALLEPPY,
KERALA",KERALA,7.699999999999999,235.5,29.5,32.42,Good
22,"WELL AT CHUNGAPALLY, KERALA",KERALA,5.95,122,29.5,62.92,Poor
1586,"WELL AT EDAYAR ERNAKULAM
DISTT., KERALA",KERALA,6.15,325.5,27.5,40.29,Good
2308,"WELL AT FATHIMAPURAM
(CHANGANASSERY)",KERALA,6.35,182.5,29,48.16,Good
2324,"WELL AT HAZARDOUS WASTE
DUMP (AMBALAMUGHAL)",KERALA,5.25,120.5,30,82.98,Very Poor
2315,WELL AT K.M.M.L. (KOLLAM),KERALA,7.1,210.5,23,20.86,Excellent
1587,"WELL AT KALAMASSERY
ERNAKULAM DISTT. , KERALA",KERALA,5.75,324.5,29.5,60.33,Poor
1591,"WELL AT KANNUR
(MUNICIPALITY) KANNUR
DISTTM , KERALA",KERALA,5.25,103,28,73.64,Poor
3475,"WELL AT KARIMBAM, KANNUR",KERALA,5.35,67.5,27.5,69.97,Poor
2309,WELL AT KAROOR (PALA),KERALA,5.7,71.5,27,58.57,Poor
2327,WELL AT KARUKAMANI,KERALA,7.35,772.5,27.5,22.72,Excellent
1583,"WELL AT KUNDARA, KOLLAM
DISTT. , KERALA",KERALA,6.85,173.5,23,22.24,Excellent
2314,"WELL AT KUREEPUZHA
(KOLLAM)",KERALA,6.65,180,22,27,Good
2321,WELL AT LALOOR (THRISSUR),KERALA,5,246,26,64.53,Poor
1589,"WELL AT MALAPURAM , KERALA",KERALA,6.949999999999999,366.5,23,15.01,Excellent
2320,WELL AT MANJERI,KERALA,7.4,238,22.5,22.32,Excellent
1590,"WELL AT MAVOOR, KOZHIKKODE
DISTT. , KERALA",KERALA,6.4,92.5,29.5,52.78,Poor
1582,"WELL AT NEDUMANGAD,
THIRUVANANTHAPURAM,
KERALA",KERALA,7,235.5,26,14.92,Excellent
2322,WELL AT OLLUR (THRISSUR),KERALA,5.550000000000001,210,24,52.12,Poor
1581,"WELL AT PAPPANAMKODE,
THIRUVANANTHAPURAM,
KERALA",KERALA,6.55,160.5,26,17.73,Excellent
3474,"WELL AT PAYANOOR, KANNUR",KERALA,6.85,163.5,28,27.62,Good
1592,"WELL AT PAYYANNUR, KANNUR
DISTT. , KERALA",KERALA,6.300000000000001,276,28,40.9,Good
35,"WELL AT PUNALUR, KERALA",KERALA,6.3,148,23.5,38.2,Good
1588,"WELL AT PUNKUNNAM TRISSUR
DISTT. , KERALA",KERALA,5.199999999999999,227,26.5,62.74,Poor
2317,"WELL AT PUNNALPETTIPPALAM
(TELLICHERRY MUNICIPALITY",KERALA,5.45,254,28,62.97,Poor
2313,"WELL AT SARVODAPURAM,
ALAPPUZHA",KERALA,7.7,184,29.5,34.35,Good
2311,"WELL AT VADAVATHOOR
(KOTTAYAM)",KERALA,6.4,124.5,28,44.08,Good
2310,WELL AT VAIKOM,KERALA,6.05,247,26,38.24,Good
3463,"WELL AT VELLIPARAMBA,
KOZHEKODE",KERALA,5.85,99.5,29,63.77,Poor
1585,"WELL AT VYTTILA, ERNAKULAM
DISTT. , KERALA",KERALA,7,499.5,29.5,22.52,Excellent
3472,"WELL OF TEMPLE
PARASSINIKADAVU, KANNUR",KERALA,7.05,458.5,27,11.56,Excellent
1606,"WELL (PUBLIC )OPPOSITE
S.B.SCHOOL",LAKSHADWEEP,7.3,714,28.5,25.52,Good
1600,WELL C/O ANDAM PALLI,LAKSHADWEEP,7.1,877,29.3,35.64,Good
4575,WELL C/O BEEREADAM,LAKSHADWEEP,6.85,974,29.45,40.02,Good
4564,WELL C/O BELAVILATHA PALLI,LAKSHADWEEP,6.8,1379.5,30.5,60.48,Poor
1601,WELL C/O CIRCUIT HOUSE,LAKSHADWEEP,7.2,937,29,36.39,Good
4570,"WELL C/O FRIENDS COMMON
CLUB",LAKSHADWEEP,7.3,1356,30.4,59.1,Poor
1602,"WELL C/O GOVT. PRESS,",LAKSHADWEEP,7.5,781,29.05,30.79,Good
4552,WELL C/O HIGH SCHOOL,LAKSHADWEEP,7.25,1097,29.55,45.14,Good
4576,WELL C/O HUSSAIN MANZIL,LAKSHADWEEP,6.800000000000001,675,30.65,34.81,Good
4554,WELL C/O I.G HOSPITAL,LAKSHADWEEP,7.2,861,29,33.54,Good
4553,WELL C/O J.B. SCHOOL (N),LAKSHADWEEP,7.4,802,27,21.32,Excellent
4562,WELL C/O JBS (C ),LAKSHADWEEP,7.35,1089,29.6,45.09,Good
1596,WELL C/O KADAT PALLI,LAKSHADWEEP,7.2,715,28.8,27.06,Good
4550,WELL C/O KENDRIYA VIDYALAYA,LAKSHADWEEP,7.5,1126.5,29.9,47.99,Good
4565,WELL C/O LAGOONS BATH,LAKSHADWEEP,6.6,860,30.4,40.5,Good
4569,WELL C/O MANDALI,LAKSHADWEEP,7.5,1613.5,30.65,70.01,Poor
4574,WELL C/O MOULA PALL,LAKSHADWEEP,7.1,609.5,29.9,28.61,Good
1604,WELL C/O MPSAF QUARTER,LAKSHADWEEP,7.2,2595,29.700000000000003,102.06,Unsuitable
4563,WELL C/O NURSERY SCHOOL,LAKSHADWEEP,6.45,860,30.549999999999997,55,Poor
4572,WELL C/O OBSERVATORY,LAKSHADWEEP,7.45,1043.5,30.1,45.88,Good
1603,"WELL C/O OLD POLICE
BARRACKS,",LAKSHADWEEP,7.25,1514.5,30,63.04,Poor
4558,WELL C/O PURAKKATTAPOOMI,LAKSHADWEEP,7.4,1037.5,29.4,42.16,Good
1599,WELL C/O PURATHA PALLI,LAKSHADWEEP,7.2,621,28.8,23.54,Excellent
1598,WELL C/O PUTHIYA PALLI,LAKSHADWEEP,7.3,480,28.3,17.25,Excellent
4560,WELL C/O PUTHIYARA PALLI,LAKSHADWEEP,7,5220,29.6,200,Unsuitable
4561,WELL C/O PUTHIYATHAKAL,LAKSHADWEEP,6.85,2640.5,29.6,103.27,Unsuitable
4556,WELL C/O SOLAR PLANT,LAKSHADWEEP,7.4,868,29.95,38.55,Good
4573,WELL C/O SULTHAN VEED,LAKSHADWEEP,7,950.5,29.5,39.39,Good
4559,WELL C/O THAJ MANZIL,LAKSHADWEEP,7.3,1975,29.549999999999997,78.06,Very Poor
4567,WELL C/O UJRA PALLI,LAKSHADWEEP,7.2,606,30,28.98,Good
1597,WELL NEAR BADER PALLI,LAKSHADWEEP,7.3,563,27.8,16.36,Excellent
1595,WELL NEAR CHEKKILLAM HOUSE,LAKSHADWEEP,7.4,373,28.7,23.26,Excellent
1605,WELL NEAR HALIPAD,LAKSHADWEEP,7.4,1136,29.9,48.35,Good
4571,WELL NEAR HARBOR COTTAGE,LAKSHADWEEP,6.9,1913.5,30.450000000000003,80.26,Very Poor
4555,WELL NEAR HELIPAD 2,LAKSHADWEEP,7.6,1865.5,29.700000000000003,74.71,Poor
1593,WELL NEAR J.B SCHOOL,LAKSHADWEEP,7.1,990,29,38.38,Good
4551,"WELL NEAR J.B. SCHOOL (E)
WITH MOTOR)",LAKSHADWEEP,7.2,876,27.3,25.6,Good
4548,"WELL NEAR KENDRIYA
VIDYALAYA",LAKSHADWEEP,7.6,1217.5,29.9,51.41,Poor
1594,WELL NEAR OTTAVATHIL PALLI,LAKSHADWEEP,7.2,935,27.2,27.31,Good
1402,"WELL NEAR PWD ADJACENT TO
CHAKIKILUM IN KAVARATTI",LAKSHADWEEP,7.2,663,28.1,21.61,Excellent
4566,WELL NEAR S & T,LAKSHADWEEP,6.85,1121.5,29.2,44.31,Good
4549,WELL NEAR STADIUM,LAKSHADWEEP,7.4,671.5,29.200000000000003,27.43,Good
3342,"BOREWELL WATER AT VILLAGE
TARPUR, SECTOR-II,
PITHAMPUR, INDUSTRIAL AREA",MADHYA PRADESH,7.699999999999999,568.5,21.5,20.07,Excellent
4618,"GROUND WATER AT INDUSTRIAL
AREA, MANERI DISTT MANDLA",MADHYA PRADESH,7.3,498,21.8,16.07,Excellent
3838,"GROUND WATER NCL,
JINGURDHA, QSHF-176
METENCE OFF, DIST SINGROULI",MADHYA PRADESH,7.3,526,28.4,17.97,Excellent
3823,"GROUND WATER NEAR BUS
STAND, DIST BALAGHAT",MADHYA PRADESH,7.300000000000001,418,21.2,22.08,Excellent
3825,"GROUND WATER NEAR BUS
STAND, DIST MANDLA",MADHYA PRADESH,7.35,616.5,21,24.37,Excellent
3822,"GROUND WATER NEAR BUS
STAND, DIST NARSINGPUR",MADHYA PRADESH,7.300000000000001,438,21.3,20.82,Excellent
3826,"GROUND WATER NEAR BUS
STAND, DIST SEONI",MADHYA PRADESH,7.3,394.5,21.3,22.46,Excellent
3844,"GROUND WATER NEAR
COMMERCIAL AUTO MOBILE",MADHYA PRADESH,7.3,523.5,28.65,19.13,Excellent
3843,"GROUND WATER NEAR
ENTRANCE GAGE OF
VIVEKANANAD STATUE, NIGAHI,
SINGROULI",MADHYA PRADESH,7.3,413,26.6,11.26,Excellent
3839,"GROUND WATER NEAR SHIV
MANDIR, AMLORI NCL, PROJECT
SINGROULI",MADHYA PRADESH,7.4,536.5,28.6,19.37,Excellent
3842,"GROUND WATER NEAR SUB
STATION SECTOR-B, DUDHICHUA
NCL PROJECT, SINGROULI",MADHYA PRADESH,7.6,448,26.5,9.45,Excellent
3840,"GROUND WATER NEAR SUBJEE
MANDI NCL JAYANT (BESIDE
POLICE STATION), SINGROULI",MADHYA PRADESH,7.45,285,28.25,24.31,Excellent
3837,"GROUND WATER PRIMARY
SCHOOL DHOBI GHAT, DIST
SINGROULI",MADHYA PRADESH,7.3,526,27.4,12.97,Excellent
1618,"GROUND WATER SAMPLING AT
TWO POINTS IN INDUSTRIAL
AREA MALANPUR, M.P",MADHYA PRADESH,7.5,1500,26,42.5,Good
1619,"GROUND WATER SAMPLING AT
TWO POINTS IN INDUSTRIAL
AREA MALANPUR, M.P",MADHYA PRADESH,7.9,1625,24,47.19,Good
3841,"GROUND WATER SARVESWAR
RAJA COLONY JAYANT,
SINGROULI",MADHYA PRADESH,7.55,429,28.25,18.91,Excellent
3824,"GROUND WATER VILL
BHEEMJORI, MALAJKH, DIST
BALAGHAT",MADHYA PRADESH,7.9,747,21,29.26,Good
3827,"GROUND WATER VILL IMALIA,
DIST JABALPUR",MADHYA PRADESH,7.300000000000001,420,21.6,20,Excellent
4625,"HAND PUMP DISTRICT HOSPITA
BHOPAL",MADHYA PRADESH,7.1,1376.5,26,37.87,Good
4630,"HAND PUMP DISTRICT HOSPITAL
BETUL",MADHYA PRADESH,7.75,723,27.5,20.86,Excellent
4627,"HAND PUMP DISTRICT HOSPITAL
HOSHANGABAD",MADHYA PRADESH,7.35,2253,23.5,73.24,Poor
4626,"HAND PUMP DISTRICT HOSPITAL
SEHORE",MADHYA PRADESH,7.4,840.5,26,17.77,Excellent
4628,"HAND PUMP DISTRICT HOSPITAL
VIDISHA",MADHYA PRADESH,7.05,1124,24,28.4,Good
4629,"HAND PUMP DSTRICT HOSPITAL
TAISEN",MADHYA PRADESH,7.4,1178,28,40.42,Good
3338,"HAND PUMP NEAR PANCHAYAT
BHAWAN, VILLAGE TINAWALI
RAIRU",MADHYA PRADESH,7.9,386,26,9.28,Excellent
3333,"HAND PUMP WATER AT
BANSKHEDI, BHOPAL",MADHYA PRADESH,7.5,794,27.5,23.52,Excellent
1617,"OPEN WELL/TUBE WELL
INDUSTRIAL AREA MANDIDEEP,
DISTT. RAISEN, M.P",MADHYA PRADESH,7.2,1033,25,19.99,Excellent
1616,"OPEN WELL/TUBE WELL
INDUSTRIAL AREA,
GOVINDPURA, BHOPAL, M.P",MADHYA PRADESH,7.45,541.5,28.5,19.06,Excellent
1897,"TUBE WELL AT JAINABAD, NEAR
TAPTI BRIDGE, PUMPING STN.
BURHANPUR, M.P.",MADHYA PRADESH,7.85,2791.5,22.5,98.43,Very Poor
3340,"TUBE WELL AT NEAR TRENCHING
GROUND, INDORE",MADHYA PRADESH,7.35,2352,22,84.45,Very Poor
3341,"TUBE WELL AT SECTOR-III,
PITHAMPUR INDUSTRIAL AREA",MADHYA PRADESH,7.65,896,22,29.85,Good
3334,"TUBE WELL NEAR BUS STAND AT
BETUL",MADHYA PRADESH,7.7,757.5,28.5,27.16,Good
3343,"TUBE WELL NEAR INDUSTRIAL
AREA UDYOG VIHAR , CHURAT,
REWA",MADHYA PRADESH,7.15,1398.5,27.45,45.94,Good
3854,"TUBE WELL WATER SAMPLE OF
SIDHI CITY",MADHYA PRADESH,7.05,1005.5,26,23.96,Excellent
3337,"TUBE WELL/ HAND PUMP AT
INDL AREA SEONI NEAR
BARAPATTHAR",MADHYA PRADESH,7.35,368,21.2,23.95,Excellent
3335,"TUBE WELL/ HAND PUMP AT
INDUSTRIAL AREA RECHHAI,
JABALPUR",MADHYA PRADESH,7.35,282,21.2,27.18,Good
3336,"TUBE WELL/ HAND PUMP AT
INDUSTRIAL AREA,
CHHINDWARA",MADHYA PRADESH,7.699999999999999,692,29.5,29.7,Good
3332,"TUBE WELL/ HAND PUMP AT
INDUSTRIAL AREA, DEWAS",MADHYA PRADESH,7.6,2577,26,82.89,Very Poor
3339,"TUBE WELL/ HAND PUMP NEAR
MANGLIA INDUSTRIAL AREA ,
INDORE",MADHYA PRADESH,7,1443.5,22.5,47.88,Good
3345,"TUBEWELL AT INDL AREA,
ANUPPUR",MADHYA PRADESH,8.05,540,27.9,16,Excellent
3344,"TUBEWELL AT INDL AREA,
SHAHDOLU/G WATER SAMPLE
FROM INDUSTRIAL
AREA,NARSARHA,DISTT.
SHAHDOL(M.P.)",MADHYA PRADESH,8.05,549.5,28.25,18.11,Excellent
2149,"WELL AT CULVERT ON A.B.
ROAD, MAKSI",MADHYA PRADESH,7.3,1861,24,56.04,Poor
2153,"WELL AT IBRAHIMGANJ NEAR
BUS STAND, BHOPAL",MADHYA PRADESH,7.6,816.5,27,21.87,Excellent
2143,"WELL AT KATHODA, JABALPUR",MADHYA PRADESH,7.550000000000001,511.5,21,20.43,Excellent
2144,"WELL AT MADAI GRAM,
JABALPUR",MADHYA PRADESH,7.45,428,22.3,16.2,Excellent
2145,"WELL AT MEHATWAS, NAGDA",MADHYA PRADESH,7.5,1692.5,26,49.72,Good
2154,"WELL AT NEAR PRIMARY
SCHOOL, PILUKHEDI, RAJGARH.",MADHYA PRADESH,7.5,610,25.5,6.63,Excellent
2147,"WELL AT PRATAL NAGAR,
DEWAS",MADHYA PRADESH,7.35,3179,25,100.46,Unsuitable
2152,"WELL AT TRENCHING GROUND
IN THE PREMISES OF M/S
LAKHANI FOOT WEAR, INDORE",MADHYA PRADESH,7.5,2342,21.5,86.57,Very Poor
2151,"WELL AT TRENCHING GROUND
IN THE PREMISES OF M/S
RISHABH MASALA UDYOG,
INDORE",MADHYA PRADESH,7.65,2766.5,21.5,102.49,Unsuitable
2150,"WELL AT TRENCHING GROUND,
NEAR GARDEN, DEV GURADIYA
ROAD, INDORE",MADHYA PRADESH,7.6,1294.5,21.5,47.29,Good
52,"WELL, SHRI RAO PRAJAPATI
WELL , M. P.(T/W OF HANIF
KHAN S/O JABBAR KHAN,
AMRAWATI ROAD, BURHANPUR
)",MADHYA PRADESH,7.8,1555,22,54.56,Poor
2002,"ANJANGAON,AKOT, AKOLA",MAHARASHTRA,7.95,874.5,26,19.04,Excellent
1990,"BMW SITE, BURUDGAON,
AHMEDNAGAR",MAHARASHTRA,7.199999999999999,1625.5,22.5,54.71,Poor
2821,"BORE WELL AT BALE RAILWAY
STATION PREMISES OWNED BY
SHRI DIGAMBAR JOSHI,
DAHEGAON, NORTH SOLAPUR",MAHARASHTRA,7.65,3538.5,23,123.94,Unsuitable
2817,"BORE WELL AT CHITALI NEAR
WAGH VASTHI, RAHATA,
AHMADNAGAR",MAHARASHTRA,7.45,879.5,22,29.23,Good
2818,"BORE WELL AT M/S SPECTRON
ETHERS SIDDESHWAR MAHADEV
MANDIR, RASEGAON, DINDORI,
NASHIK",MAHARASHTRA,7.1,999,21,38.71,Good
2830,"BORE WELL AT MIDC GOKUL-SHIRGAON, KARVIR, KOLHAPUR",MAHARASHTRA,7.7,781.5,28,25.56,Good
2829,"BORE WELL AT MIDC SHIROLI
NEAR M/S PRATIBHA",MAHARASHTRA,7.75,1415.5,28,49.33,Good
2834,"DUG WELL NO-2 AT ARKETWADI,
KHED, RATNAGIRI",MAHARASHTRA,6.75,483.5,27,10.62,Excellent
2835,"DUG WELL NO-2 OWNED BY
GROUP GRAM PANCHAYAT
BRAHMANWADI, ANJANWEL,
GUHAGAR, RATNAGIRI",MAHARASHTRA,6.6,283,26,13.14,Excellent
2816,"DUG WELL OF MR.SAMPAT
WALUNJ NEAR M/S MAHAJEET
CLAYTON, SHINDE VILLAGE,
NASHIK",MAHARASHTRA,7.3,1510,21,57.88,Poor
2819,"DUG WELL OWNED BY SHRI
DESHMUKH, MALEGAON,
BARAMATI, PUNE",MAHARASHTRA,7.65,3830,28.25,141.13,Unsuitable
2820,"DUG WELL OWNED BY SHRI
SHIVAJI BABAN DAREKAR,
SANASWADI, SHIRUR, PUNE",MAHARASHTRA,7.949999999999999,778.5,24.5,12.94,Excellent
1987,"GOKHIWARE,VASAI, THANE",MAHARASHTRA,7.4,5222,33,217.07,Unsuitable
2203,"HAND PUMP IN THE PREMISES
OF ZILLA PARISHAD PRIMARY
SCHOOL, BHUGAON, WARDHA",MAHARASHTRA,7.8,1064,18.5,53.65,Poor
1985,"KASHIMIRA,BHAYANDER, THANE",MAHARASHTRA,7.75,1845.5,33,90.46,Very Poor
2005,"KHANJIRENAGAR,
HATKANANGALE, KOLHAPUR",MAHARASHTRA,7.8,1543,28,54.11,Poor
1995,"KHAPERKHEDA,
SAONER,NAGPUR",MAHARASHTRA,8.05,725,24,13.44,Excellent
2006,"MIDC, SHINOLI, CHANDGAD,
KOLHAPUR",MAHARASHTRA,7.699999999999999,1334,28,46.28,Good
1989,"MSW SITE,
KARAWALA,TALOJA,PANVEL,
RAIGAD",MAHARASHTRA,7.95,99,28.5,32.54,Good
1992,"MSW SITE, MOSHI,PIMPRI-CHINCHWAD, HAWELI,PUNE",MAHARASHTRA,7.5,550,26,6.88,Excellent
2823,"BORE WELL AT SHETE VASTI
NEAR OLD TULJAPUR ROAD,
TULJAPUR NAKA, SOLAPUR",MAHARASHTRA,7.75,2913,24,95.49,Very Poor
2825,"BORE WELL AT WAHEGAON
NEAR ZILLA PARISHAD SCHOOL,
WAHEGAON,PAITHAN,
AURANGABAD",MAHARASHTRA,7.55,2737.5,29,103.91,Unsuitable
2822,"BORE WELL NEAR CHINCHOLI,
MOHOL, SOLAPUR",MAHARASHTRA,7.699999999999999,1358,24.5,34.67,Good
2204,"DUG WELL AT GUNJALWADI,
SANGAMNER NEAR PRIMARY
HEALTH CARE CENTER,
AHMEDNAGAR",MAHARASHTRA,7.35,889,21.5,32.09,Good
2201,"DUG WELL AT RANJANGAON,
GANAGAPUR, AURANGABAD",MAHARASHTRA,7.9,1915,29,73.06,Poor
2831,"DUG WELL AT SAKHARALI NEAR
MIDC ISLAMPUR NEAR KRISHNA
MILK INDUSTRY, WALWA,
SANGALI",MAHARASHTRA,7.4,1046,24,25.48,Good
2828,"DUG WELL NEAR JILLA PARISHAD
PRIMARY SCHOOL, VISAPUR,
BALLARPUR, CHANDRAPUR",MAHARASHTRA,8.149999999999999,811,42,96.66,Very Poor
2826,"DUG WELL NEAR RAILWAY
STATION, COTTON MARKET,
WARDHA",MAHARASHTRA,7.9,741.5,19,39.06,Good
2832,"DUG WELL NO-1 AT
BRAHMANWADI ANJANWEL
OWNED BY SHRI VAIDYA,
GUHAGAR, RATNAGIRI",MAHARASHTRA,6.85,87,26,20.49,Excellent
2833,"DUG WELL NO-1 AT GROUP
GRAM PANCHAYAT AT",MAHARASHTRA,6.7,340.5,27,15.98,Excellent
1991,"MSW SITE, PATHARDI, NASIK",MAHARASHTRA,6.9,970,21,37.63,Good
2004,"PARVATI INDL. ESTATE, YADRAV,
SHIROL, KOLHAPUR",MAHARASHTRA,7.7,1587,28,55.76,Poor
1997,"RAIPUR,HINGNA NAGPUR",MAHARASHTRA,8,826,16,57.23,Poor
2008,"RASULWADI-SAMBARWADI,
MIRAJSANGLI",MAHARASHTRA,6.2,4448,23,178.05,Unsuitable
2007,"SAVALI, MIRAJ, SANGLI",MAHARASHTRA,7.1,4363,23,154.86,Unsuitable
2003,"SAWARGAON, YAVATMAL",MAHARASHTRA,8.15,695,33,47.31,Good
1994,"TPS-DURGAPUR, CHANDRAPUR",MAHARASHTRA,8.15,687.5,32,42.03,Good
1921,GROUND WATER NEAR HEIROK,MANIPUR,6.8,742,24,14.07,Excellent
2885,HAND PUMP AT SAITON,MANIPUR,6.8,121,25,14.21,Excellent
2881,HAND PUMP AT TAKHEL,MANIPUR,6.9,609,24,9.09,Excellent
1920,KAKCHING,MANIPUR,6.4,705,23,32.69,Good
1922,LAMKA,MANIPUR,6.9,493,25,0.26,Excellent
1923,MOREH,MANIPUR,6.8,672,26,11.45,Excellent
1924,PALLEL,MANIPUR,7.2,582,27,13.07,Excellent
4323,"BOREWELL AT GOOD SHAPHARD
PARISH IN LADRYMBAI",MEGHALAYA,6.75,194,17.05,51.22,Poor
4324,"BOREWELL AT KHLIEHWAH
SHASEM - A IN KHLIEHRIAT",MEGHALAYA,5.25,131,17.55,94.84,Very Poor
4325,"BOREWELL AT KHLIEHWAH
SHASEM - B IN KHLIEHRIAT",MEGHALAYA,5.75,87.5,17.2,85.72,Very Poor
4904,"DEEP TUBE WELL AT
DONGKAMON NONGMENSONG,
SHILLONG",MEGHALAYA,6.8,92,20.5,37.8,Good
4906,"DEEP TUBE WELL AT LABAN LAST
STOP, SHILLONG",MEGHALAYA,5.65,61,21.5,67.71,Poor
4905,"DUG WELL AT FOREST COLONY,
POLO, SHILLONG",MEGHALAYA,6.6,146.5,21.5,30.76,Good
1636,"INDUSTRIAL ESTATE, BYRNIHAT
(NARBONG WELL - SPRING)",MEGHALAYA,6.55,158.5,17,52.81,Poor
3386,JAKREM HOT SPRING AT JAKREM,MEGHALAYA,9.2,313.5,43.5,154.49,Unsuitable
1635,"MAWLAI, SHILLONG
(MAWPDANG SPRING)",MEGHALAYA,6,272,22,48.55,Good
3385,"MAWTHADRISHAN WELL AT
MARKASA",MEGHALAYA,6.65,53,18.55,49.01,Good
1634,"POLICE BAZAR, SHILLONG
(POLICE BAZAAR SPRING)",MEGHALAYA,6.15,242,21.5,48.42,Good
1638,"SHANGPUNG (UMSAHEP
SPRING)",MEGHALAYA,5.6,141,16,93.46,Very Poor
1637,"SOHRA, CHERRAPUNJEE (WAH U
DKHAR - SPRING)",MEGHALAYA,5.550000000000001,110,17.5,88.37,Very Poor
3758,"BETHEL VENG HAND PUMP,
CHAMPHAI",MIZORAM,6.7,436.5,23.5,9.88,Excellent
3732,"CHALTLANG HAND PUMP, NEAR
REMI TYRE WORKS",MIZORAM,5.9,432,24,35.05,Good
3742,"CHANMARI HAND PUMP,
LAWNGTLAI",MIZORAM,6.5,167.5,23,22.47,Excellent
3745,"CHHOCHHOPA TUIKHUR, SAIHA",MIZORAM,6.7,226,19.5,37.77,Good
4124,"ELECTRIC VENG TUIKHUR,
LUNGKEI (SPRING)",MIZORAM,6.75,347,21.5,23.24,Excellent
4128,"HAND PUMP, NEW SAIHA BAZAR",MIZORAM,7.2,152,21,33.05,Good
3753,"HMAR VENG TUIKHUR, KOLASIB",MIZORAM,7.5,572.5,25.5,5.22,Excellent
3741,"KHURPUI TUIKHUR, LAWNGTLAI",MIZORAM,7.300000000000001,270,17.5,46.13,Good
4127,"KHURPUI TUIKHUR, NEW
COLONY, SAIHA (SPRING)",MIZORAM,6,287,20.5,55.49,Poor
3728,"KHURPUI TUIKHUR, S HLIMEN",MIZORAM,6.5,246.5,25,9.51,Excellent
3725,"LUNGLI TUIKHUR, REPUBLIC
VENG",MIZORAM,6.6,335,20.5,28.69,Good
2055,"MISSION VENGTHLANG
(SOUTHERN PART)",MIZORAM,6.6,464,22,16.35,Excellent
4133,"NGHARPET VENG TUIKHUR,
LUNGSIR, MAMIT (SPRING)",MIZORAM,6.85,197,23.5,18.86,Excellent
4126,"PAWHHAWN TUIKHUR, NR GM
HSS, VENGSANG, CHAMPHAI
(SPRING)",MIZORAM,6.85,231,15,60.09,Poor
3748,"PROJECT VENG HAND
PUMP,SERCHHIP",MIZORAM,6.3,104,21.5,49.85,Good
2054,RAMHLUM (NORTHERN PART),MIZORAM,6.550000000000001,468.5,22,16.18,Excellent
3726,"RAMHLUN S TUIKHUR, NEAR
COMMUNITY HALL",MIZORAM,6.5,474.5,22.5,13.46,Excellent
3733,S HLIMEN HAND PUMP,MIZORAM,6.8,254.5,24,14.21,Excellent
3738,"SAP TUIKHUR, SERKAWN
NEARBY",MIZORAM,7,96.5,17.5,52.63,Poor
3730,SELESIH HAND PUMP,MIZORAM,6.9,102,24,19.92,Excellent
3731,TUIKUAL HAND PUMP,MIZORAM,6.4,555,22,32.06,Good
3727,"TUITHANG VENG, TUIKHUR",MIZORAM,7.25,362,20,30.18,Good
4129,"TUIVAMIT TUIKHUR, AOC VENG,
LAWNGTLAI (SPRING)",MIZORAM,7.3,139,20,38.54,Good
3737,"VAITUI TUIKHUR,THEIRIAT,
LUNGLEI",MIZORAM,6.8,296,19.5,35.15,Good
3739,"ZOBAWK VENG HAND PUMP,
LUNGLEI",MIZORAM,7,292.5,19.5,35.28,Good
2899,"BOREWELL AT DHANSIRIPAR,
DHANSIRIPAR DIVISION,
DIMAPUR",NAGALAND,7.25,245.5,27.55,22.29,Excellent
2897,"BOREWELL AT KAMDI BAZAR,
PEREN",NAGALAND,6.5,240,23.4,17.75,Excellent
2896,"BOREWELL AT KOHIMA VILLAGE
IN KOHIMA",NAGALAND,6.3,728.5,20.05,50.82,Poor
2905,"BOREWELL AT SIGNAL POINT,
DIMAPUR",NAGALAND,6.75,233,28.05,25.26,Good
2902,"BOREWELL AT THAHEKHU
VILLAGE, DIMAPUR",NAGALAND,7.55,401.5,27.65,16.94,Excellent
2898,"OPENWELL AT DOYAPUR
DHANSIRIPAR DIVISION,
DIMAPUR",NAGALAND,3.6,176,27.15,107.9,Unsuitable
2901,"OPENWELL AT LUNGWIRAM
VILLAGE, DIMAPUR",NAGALAND,6.25,249.5,29.450000000000003,50.39,Poor
2904,"OPENWELL AT NAGA CEMETERY,
DIMAPUR",NAGALAND,6.5,828,28.950000000000003,32.05,Good
2903,"OPENWELL AT SIGNAL ANGAMI
VILLAGE, DIMAPUR",NAGALAND,7,1037.5,29.05,40.41,Good
2900,"OPENWELL AT TOULAZOUMA
VILLAGE, DIMAPUR",NAGALAND,5.75,204,27.299999999999997,53.85,Poor
3971,ANGUL TOWNSHIP,ODISHA,7.15,954.5,23.5,24.54,Excellent
4895,"BADACHINDRI, KORAPUT",ODISHA,6.95,473,21,21.01,Excellent
3982,"BADAMANI INDUSTRIAL ESTATE,
JHARSUGUDA",ODISHA,6.65,143.5,29,33.37,Good
1647,"BADAMBARI AREA, CUTTACK",ODISHA,6.9,380.5,25.5,6.98,Excellent
3988,"BADAPADIA MARKET COMPLEX,
PARADEEP",ODISHA,8.45,1280.5,31.9,63.77,Poor
4870,"BALDA BLOCK IRON ORE MINES
OF M/S SIRAJUDDIN & CO.
(NEAR TIME OFFICE INSIDE THE
MINE LEASEHOLD AREA)",ODISHA,6.35,100,22.5,43.75,Good
3978,"BANARPAL, TALCHER",ODISHA,7.1,1074,23.5,29.02,Good
3987,"BELPAHAR AREA, JHARSUGUDA",ODISHA,5.9,273.5,27.5,48.49,Good
1646,"BIDANASHI - TULASIPUR AREA,
CUTTACK",ODISHA,6.949999999999999,219.5,26,15.52,Excellent
3984,"BRAJARAJ NAGAR MINING BELT,
JHARSUGUDA",ODISHA,6.199999999999999,149.5,28.5,50.64,Poor
3983,"BUDHIPADAR, JHARSUGUDA",ODISHA,6.65,180.5,28.5,29.48,Good
3981,"BURKHAMUNDA, JHARSUGUDA",ODISHA,7.75,180.5,29,31.98,Good
1650,"CAPITAL HOSPITAL AREA,
BHUBANESWAR",ODISHA,5.95,208.5,28,52.18,Poor
3994,"CHAKULIA, BALASORE",ODISHA,6.699999999999999,391.5,25.5,6.57,Excellent
4875,COLLECTOR OFFICE PREMISES,ODISHA,7.4,359.5,24.5,7.77,Excellent
4873,"DDM OFFICE, KOIRA PREMISES",ODISHA,7,144,24,18.35,Excellent
4868,"DHANGIDIMUTA VILLAGE (BASTI
SAHI) NEAR CATCH POND OF
MINE RUN-OFF WATER NEAR
BADAPAHAR MINING AREA",ODISHA,6.699999999999999,248,25.5,11.95,Excellent
4867,"DHANGIDIMUTA VILLAGE
(KUSUMI GP OFFICE NEAR
BADAMPAHAR MINING AREA",ODISHA,6.85,169,25.5,14.91,Excellent
4864,"DHENKANAL DAILY MARKET
AREA",ODISHA,7,451.5,24,6.82,Excellent
4891,"DISTRICT HEAD QUARTER
HOSPITAL CAMPUS",ODISHA,7.5,679.5,25,6.73,Excellent
4865,"DISTRICT HEAD QUARTER
HOSPITAL PREMISES",ODISHA,7.1,318,26.5,14.32,Excellent
4898,GABRALGUDA,ODISHA,6.65,219.5,20,35.52,Good
4899,"GOSALPADA COLONY (WARD
NO. 7), BHAWANIPATNA",ODISHA,7,733.5,20.5,31.26,Good
4876,"GOVT. MODEL DEGREE COLLAGE
PREMISES",ODISHA,7.25,328.5,24.5,8.93,Excellent
4903,"HAZARIBAGICHA PRIMARY
SCHOOL, HAZARIBAGICHA,
KENDAPARA",ODISHA,7.85,778,32,45.42,Good
1657,"HOSPITAL - BUS STAND-MAUSHIMA TEMPLE AREA, PURI",ODISHA,7.6,1044,28,35.4,Good
3986,"IB THERMAL POWER STATION,
JHARSUGUDA",ODISHA,6.25,102,28.5,51.17,Poor
4863,"INSIDE GAJMARA UP SCHOOL,
GAJAMARA, DHENKANAL",ODISHA,6.75,316,24,11.9,Excellent
4881,"INSIDE THE PREMISES OF
DISTRICT HEAD QUARTER
HOSPITAL, NAYAGARH",ODISHA,6.7,805,30,36.44,Good
4877,"INSIDE THE PREMISES OF
DISTRICT HEAD QUARTER
HOSPITAL, PARALAKHEMUNDI",ODISHA,7.199999999999999,500.5,24,5.02,Excellent
4879,"INSIDE THE PREMISES OF
DISTRICT HEAD QUARTER
HOSPITAL, PHULBANI",ODISHA,6.95,458.5,29.5,24.06,Excellent
4896,"JAGANNATH TEMPLE, KORAPUT",ODISHA,7.2,261.5,21,28.94,Good
1644,"JAGATPUR INDUSTRIAL AREA,
CUTTACK",ODISHA,6.35,557,28.5,35.89,Good
4869,"JODA WEST MANGANESE MINE
OF M/S TATA STEEL LTD.
(BICHHAKUNDI COLONY), JODA",ODISHA,6.25,114.5,22.5,45.71,Good
3992,"KALIAPANI, SUKINDA",ODISHA,6.949999999999999,249.5,21.5,26.89,Good
1652,"KALPNA - LAXMINAGAR AREA,
BHUBANESWAR",ODISHA,6,435.5,28,42.42,Good
3993,"KAMARDA, SUKINDA",ODISHA,6.9,276,21.5,25.9,Good
3974,"KANIHA, TALCHER",ODISHA,7.4,312,23.5,14.55,Excellent
4894,"KASTURI NAGAR, RAYAGADA",ODISHA,7.05,284,20.5,30.6,Good
1649,"KHANDAGIRI AREA,
BHUBANESWAR",ODISHA,5.699999999999999,545,28.5,51.69,Poor
3995,"KUANRPUR, BALASORE",ODISHA,6.949999999999999,161.5,25.5,15.19,Excellent
3979,"KULAD, TALCHER",ODISHA,7.75,612.5,23.5,11.72,Excellent
1645,"MADHUPATNA- KALYAN NAGAR
AREA, CUTTACK",ODISHA,6.6,373.5,26,9.74,Excellent
3973,"MAHANADI COAL FIELD AREA,
TALCHER",ODISHA,7.2,290,23,17.88,Excellent
1653,"MANCHESWAR INDUSTRIAL
AREA, BHUBANESWAR /
CHANDRASHEKHARPUR",ODISHA,5.85,217.5,27.75,53.09,Poor
4862,"MARKET COMPLEX, COURT
CHHAK, KHADIA ROAD,
KENDAPARA",ODISHA,7.25,763.5,32,44.88,Good
3976,"MERAMUNDALI AREA, TALCHER",ODISHA,7.65,1067.5,23,31.28,Good
3989,"MUSADIHA, PARADEEP",ODISHA,8.2,1111,32.15,58.66,Poor
4901,"MV-43, MALKANIGIRI",ODISHA,6.9,539.5,22,16.48,Excellent
3996,"NAIGOPALPUR, BALASORE",ODISHA,7.1,601.5,26.5,11.31,Excellent
3972,"NALCO TOWNSHIP, TALCHER",ODISHA,7.550000000000001,590,23.5,10.88,Excellent
3966,"NEAR BADABAZAR, BERHAMPUR",ODISHA,7,881,30,39.29,Good
4883,"NEAR BARGARH GOVT.
HOSPITAL",ODISHA,7.3,626,24.5,7.22,Excellent
4887,"NEAR BOLANGIR MEDICAL
COLLEGE",ODISHA,7.45,632,25,4.95,Excellent
3965,"NEAR BUS STAND, BERHAMPUR",ODISHA,7.4,883.5,30.5,41.88,Good
4890,"NEAR BUTUPALLI CHHAK,
MAULISINGHA ROAD",ODISHA,7.5,1528.5,26.5,46.07,Good
4884,"NEAR GANAPATI GOVT.
HOSPITAL",ODISHA,6.9,2113.5,25,60.51,Poor
4892,"NEAR GUNDICHA TEMPLE AT
TENTEL GHAT, SONEPUR",ODISHA,7.5,604,25.5,6.4,Excellent
1656,"NEAR JAGANNATH TEMPLE,
PURI",ODISHA,7.5,1203,28,41.36,Good
1658,"NEAR KUSHABHADRA, PURI",ODISHA,8.2,21231.5,30.15,803.18,Unsuitable
3964,"NEAR MKCG MEDICAL COLLEGE,
BERHAMPUR",ODISHA,7.800000000000001,747.5,30.5,36.78,Good
4886,"NEAR NILASAILA NAGAR
(BACKSIDE OF VETERINARY
OFFICE",ODISHA,7.199999999999999,402.5,24.5,6.16,Excellent
4885,"NEAR NUAPADA GOVT.
HOSPITAL",ODISHA,7.3,485,25.5,3.06,Excellent
3970,"NEAR PANTHANIVAS,
SAMBALPUR",ODISHA,6.699999999999999,302,25.5,9.93,Excellent
3967,"NEAR RAILWAY STATION STAND,
BERHAMPUR",ODISHA,7.15,582,31,33.08,Good
3969,"NEAR RAILWAY STATION,
SAMBALPUR",ODISHA,7.2,1940,26.5,61.5,Poor
1655,"NEAR SEA BEACH, PURI",ODISHA,8,1584,29,60.65,Poor
4878,"NEAR SOLID WASTE DISPOSAL
SITE OF GAJAPATI MUNICIPALITY
AT RELLY SAHI",ODISHA,7.199999999999999,711.5,23.5,15.43,Excellent
4882,"NEAR SOLID WASTE DISPOSAL
SITE OF NAYAGARH NAC AT
BHALUKHOLA VILLAGE",ODISHA,6.949999999999999,697.5,30,32.41,Good
4880,"NEAR SOLID WASTE DISPOSAL
SITE OF PHULBANI
MUNICIPALITY AT DADA PUJA
MOUZA",ODISHA,7.1,486,30,25.52,Good
4888,NEAR SUDPADA POST OFFICE,ODISHA,7.15,2063,26,63.61,Poor
4889,"NEAR TOWN GIRLS PRIMARY
SCHOOL AND IN FRONT OF HEAD
POST OFFICE",ODISHA,7.449999999999999,1567,25.5,42.51,Good
3968,"NEAR VSS MEDICAL COLLEGE,
BURLA, SAMBALPUR",ODISHA,7.25,611.5,27,14.18,Excellent
1651,"OLD TOWN- SAMANTARAAIPUR
AREA, BHUBANESWAR",ODISHA,6.15,407,28.5,42.24,Good
3985,"RAMPUR AREA (WATER TANK),
JHARSUGUDA",ODISHA,6.699999999999999,225,28,25.31,Good
1648,"RANIHAT- MANGALABAGH
AREA, CUTTACK",ODISHA,7,198,26,16.32,Excellent
4871,"ROIDA-II IRON ORE MINES OF
M/S K N RAM & CO., TANTO,
BHADRASAHI, BARBIL",ODISHA,5.6,97,22.5,62.61,Poor
4866,"SALANDI HOSPITAL PREMISES
NEAR UNAUTHORISED GARBAGE
DISPOSAL SITE BY THE SIDE OF
NH",ODISHA,7.25,425.5,26,7.79,Excellent
3991,"SARUABIL, SUKINDA",ODISHA,7.1,244.5,22,24.58,Excellent
1654,"SECRETARIAT- GOVERNOR
HOUSE- OLDBUS STAND AREA,
BHUBANESWAR",ODISHA,5.8,349,28.5,53.16,Poor
4900,"SITABUDIPARA (IRRIGATION
COLONY, WARD NO. 17),
BHAWANIPATNA",ODISHA,7.1,771.5,20.5,32.68,Good
3977,TALCHER THERMAL AREA,ODISHA,7.300000000000001,773,23.5,17.74,Excellent
3975,TALCHER TOWN,ODISHA,7.15,280.5,23.5,15.73,Excellent
4902,"TEKBADI OF NETAJI NAGAR,
MALKANIGIRI",ODISHA,6.800000000000001,903,21.5,32.61,Good
4874,"TENSA RESIDENTIAL AREA,
KOIRA",ODISHA,6.85,322.5,24.5,9.16,Excellent
4872,"THAKURANI IRON ORE MINES OF
M/S KAYPEE ENTERPRISES NEAR
VT CENTRE, BARBIL",ODISHA,5.95,130,23,50.12,Poor
3990,"TISCO, SUKINDA",ODISHA,7.2,295,21.5,25.19,Good
4897,TOTAGUDA,ODISHA,6.5,491,20,25.34,Good
4893,"WITNIN THE PREMISES OF
BURDELLA PULLAMA TEMPLE,
RAYAGADA",ODISHA,6.85,1290.5,20,54.64,Poor
4632,MADUKARAI,PUDUCHERRY,7.35,1474.5,30,61.54,Poor
4633,PANITHITTU,PUDUCHERRY,6.75,586,32.5,40.73,Good
4631,THIRUKKANUR,PUDUCHERRY,7.4,1430,30,59.88,Poor
3884,"WELL AT CHEVALIER SELLANE
GOVERNMENT HIGH
SECONDARY SCHOOL, KALAPET",PUDUCHERRY,7,1204.5,30,51.42,Poor
3885,"WELL AT DHANDERAR KULAM,
SEDARAPET",PUDUCHERRY,7.6,1429,30.5,62.34,Poor
3882,"WELL AT ECHANKADU,
KIRUMAMBAKKAM",PUDUCHERRY,6.85,479.5,32.5,38.27,Good
1454,"WELL AT KALAPET, PONDI.
UNIVERSITY ADMN. BLOCK",PUDUCHERRY,6.1,562,30.5,52.33,Poor
1688,WELL AT KATTERIKUPPAM,PUDUCHERRY,7.550000000000001,783.5,31,40.63,Good
3886,"WELL AT KOTHAPURINATHAM,
THIRUVANDARKOIL",PUDUCHERRY,7.6,1250.5,30.5,55.64,Poor
2009,WELL AT KURUMBAPET,PUDUCHERRY,6.6,677.5,31,36.66,Good
2012,"WELL AT MARUTHI SCHOOL,
KARUVADIKUPPAM",PUDUCHERRY,7,2280,31,96.75,Very Poor
2010,WELL AT METTUPALAYAM,PUDUCHERRY,6.4,755,32,59.56,Poor
1397,"WELL AT MUTHIALPET AREA(I)
RAMAKRISHNA NAGAR/
KRISHNA NAGAR",PUDUCHERRY,6.1,1065,30.5,71.19,Poor
1453,"WELL AT MUTHIRAPPALAYAM
(PWD)",PUDUCHERRY,6.85,721,31,38.29,Good
1687,"WELL AT NEHRU STATUE
MISSION ST. - CHETTY KOIL",PUDUCHERRY,7,1828,29.5,72.3,Poor
2446,WELL AT PALLUR,PUDUCHERRY,5.3,289,28,65.41,Poor
2447,WELL AT PANTHAKKAL,PUDUCHERRY,5,83,29,85.64,Very Poor
2013,"WELL AT T.R.PATTINAM,
KARAIKAL",PUDUCHERRY,8.25,1978,27.9,69.92,Poor
1398,"WELL AT THENGAITHITTU AREA,
(II)",PUDUCHERRY,6.35,1818,31.25,96.93,Very Poor
2011,WELL AT URUVAIYAR,PUDUCHERRY,7.75,1846.5,32,85.49,Very Poor
2014,"WELL AT VADAMATTAM,
KARAIKAL",PUDUCHERRY,8.05,1510,28.1,53.38,Poor
3883,WELL NEAR BY LAKE BAHOUR,PUDUCHERRY,7.35,349.5,32,40.64,Good
4144,"GROUND WATER SAMPLING
BLOCATION IN VILLAGE MAIN",PUNJAB,8.2,585,27,13.19,Excellent
2920,"HAMIRA VILLAGE, PUNJAB",PUNJAB,7.4,1041,35,70.29,Poor
2921,"HAMIRA VILLAGE, PUNJAB",PUNJAB,7.5,510,35,50.38,Poor
4141,"HANDPUMP INSTRIAL GROWTH
CENTRE, DEFENCE ROAD,
PATHANKOT",PUNJAB,7.550000000000001,452,27,11.8,Excellent
4143,"HANDPUMP NEAR ASH DYKES
OF NABHA POWER LTD, VILL
NALASH, RAJPURA",PUNJAB,8,1392,29,53.45,Poor
4142,"HANDPUMP, VILL DHERIWAL,
DIST PATHANKOT",PUNJAB,7.35,474,24,5.97,Excellent
2922,"LEATHER COMPLEX,
JALANDHAR, PUNJAB",PUNJAB,7.7,915,38,80.56,Very Poor
2923,"LEATHER COMPLEX,
JALANDHAR, PUNJAB",PUNJAB,7.6,2015,38,121.81,Unsuitable
4145,"SAGAR PARA DRAIN MEETING
WITH GHAGGAR NEAR VILL
SAGAR PARA, PATRAN",PUNJAB,7.9,911,29,35.41,Good
1707,"BORE WELL IN MODI ALKALIS &
CHEMICALS, MIA, ALWAR,
RAJASTHAN",RAJASTHAN,7.5,2595,30,103.56,Unsuitable
3002,"BORE WELL M/S R.C. PALACE
HOTEL, BHIWADI, RAJASTHAN",RAJASTHAN,7.6,1249.5,30.5,55.61,Poor
4166,"BORE WELL NEAR MSW SITE/
KANOTA DAM, JAIPUR",RAJASTHAN,7.9,2985,28,108.19,Unsuitable
4165,"BORE WELL NEAR STP AT
GAJADHARPURA, JAIPUR",RAJASTHAN,7.5,1533,28.5,56.24,Poor
3005,"BORE WELL OF M/S KUNDAN
EDIBLE FOOD PRODUCT,
KHUSKHERA, RAJASTHAN",RAJASTHAN,8.1,1017.5,28.5,36.91,Good
3004,"BORE WELL OF M/S MODERN
PUBLIC SCHOOL, BHIWADI,
RAJASTHAN",RAJASTHAN,8,1559.5,30,64.73,Poor
3003,"BORE WELL OFFICE OF RAJ.
HOUSING BOARD, BHIWADI,
RAJASTHAN",RAJASTHAN,7.75,1790,30,73.38,Poor
3001,"BORE WELL SH. BHRAM JEET
SERVICE STATION, BHIWADI,
RAJASTHAN",RAJASTHAN,7.8999999999999995,2265,29,86.19,Very Poor
2999,"BORE WELL SH. PREM CHAND,
VILLAGE PHALSHA MODE RIA
CHOPNADI, RAJASTHAN",RAJASTHAN,7.550000000000001,1710,27.5,57.88,Poor
3000,"BORE WELL SH. UMESH KUMAR
S/O SH. HORIDWARI RAM 3A-16
UIT, BHIWADI, RAJASTHAN",RAJASTHAN,7.6,1124,30,48.4,Good
4182,"BOREWELL AT RO OF RSPCB,
BHIWADI, TIJARA, ALWAR",RAJASTHAN,7.8,4800,30,186.25,Unsuitable
4183,"BOREWELL AT STAR HOSPITAL,
INFRONT OF STP, BHIWADI,
TIJARA, ALWAR",RAJASTHAN,7.6499999999999995,2535,28,91.31,Very Poor
4184,"BOREWELL IN CETP PREMISES,
BHIWADI, TIJARA, ALWAR",RAJASTHAN,7.75,2225,29,84.69,Very Poor
4181,"BOREWELL IN THE HOUSE
AKRAM KHAN, AMLAKI,
KHARGANJ INDL AREA, TIJARA,
ALWAR",RAJASTHAN,7.5,4135,26,141.31,Unsuitable
4797,"BOREWELL NEAR MAIN GATE,
CITY PALACE, NEAR SHEETLA
MATA TEMPLE, UDAIPUR",RAJASTHAN,7.45,957.5,26,22.16,Excellent
4765,"BOREWELL OF AJANTA TEXTILES
NAKODA ROAD, JASOL,",RAJASTHAN,7.85,26500,26,980,Unsuitable
4766,"BOREWELL OF AMRITLAL S/O
BACHARAJ & JOINT KRISHI
FORM KH. NO. 66/15, BITHUJA",RAJASTHAN,7.75,15950,26,584.38,Unsuitable
4798,"BOREWELL OF BSNL OFFICE,
SECTOR-03, HIRAN MARG,
UDAIPUR",RAJASTHAN,7.4,2550,25.5,79.38,Very Poor
4180,"BOREWELL OF JYOTI UCHCH
MADHYMIC VIDHYALAYA,",RAJASTHAN,7.699999999999999,1935,30.5,81.31,Very Poor
4763,"BOREWELL OF SHRI PEMARAM
MALI/DHUDARAM MALI,
BITHUJA, BALOTRA",RAJASTHAN,7.8,5800,26,203.75,Unsuitable
4779,"BOREWELL OF VKIA
RECREATIONAL CLUB JAIPUR",RAJASTHAN,7.8,1061,28,36.04,Good
1720,"CHAUDHARY KA WELL VILLAGE
PANIALA, KOTAPUTALI NEAR
ASSOCIATED ALCOHOL
BREVERIES LTD JAIPUR,
RAJASTHAN",RAJASTHAN,7.6499999999999995,3170,28,115.13,Unsuitable
4799,"HAND PUMP AT DISTRICT
COLLECTOR OFFICE, BARAN",RAJASTHAN,7.8999999999999995,1135,31,53.81,Poor
4800,"TUBE WELL AT DISTRICT
COLLECTOR OFFICE, CHURU",RAJASTHAN,8.05,1900,26,57.5,Poor
4801,"HAND PUMP AT DISTRICT
COLLECTOR OFFICE, DAUSA",RAJASTHAN,8,5500,26,192.5,Unsuitable
4802,"HAND PUMP AT DISTRICT
COLLECTOR OFFICE, KARAULI",RAJASTHAN,7.95,1702.5,27,55.09,Poor
4170,"HAND PUMP AT VILLAGE
ATOON, BHILWARA",RAJASTHAN,7.9,1275,18,64.06,Poor
4169,"HAND PUMP AT VILLAGE
MANGROP, BHILWARA",RAJASTHAN,7.85,1115,18.5,55.56,Poor
3006,"HAND PUMP NEAR NEVTA
TIRAHA, NEVTA DAM,
SANGANER, JAIPUR, RAJASTHAN",RAJASTHAN,7.9,2530,26,81.13,Very Poor
4176,"HAND PUMP NEAR RIICO
INUSTRIAL AREA, AAJOLIYON KA
KHERA, GANGRAR,
CHITTORGARH",RAJASTHAN,7.35,2535,23.5,83.81,Very Poor
1715,"HAND PUMP NEAR SECONDARY
SCHOOL ABOUT 300MT. FROM
KANSUA NALLAH KOTA,
RAJASTHAN",RAJASTHAN,7.550000000000001,1417.5,28,49.41,Good
1723,"HAND PUMP OF VIDHANI
VILLAGE GONER ROAD JAIPUR,
RAJASTHAN",RAJASTHAN,7.75,8495,27,309.81,Unsuitable
4759,"HANDPUMP IN FRONT OF
URBAN IMPROVEMENT TRUST,
CIVIL LINES, AJMER",RAJASTHAN,7.85,2550,27,86.88,Very Poor
4791,"HANDPUMP NEAR M/S
CHAMBLE FERTILIZER &
CHEMICALS, GADEPAN",RAJASTHAN,8.1,642.5,27,15.34,Excellent
4792,"HANDPUMP NEAR M/S
RAJASTHAN TEXTILE MILLS,
BHAWANI MANDI",RAJASTHAN,7.8,2119,28.5,78.21,Very Poor
4760,"HANDPUMP WITHIN PREMISES
OF NAGAR PARISHAD OFFICE,
OLD CITY ROAD, DESHWALI
MOHALLA, KRISHANGARH",RAJASTHAN,8,1695,27.5,57.31,Poor
2023,"HOTEL ORIENT PLACE, SUBHAS
NAGAR, UDAIPUR",RAJASTHAN,7,1260.5,26,33.52,Good
2024,"IN SIDE SHIV TEMPLE NEAR AIR
FORCE STATION AMER ROAD,
JAIPUR",RAJASTHAN,7.65,2325,28,83.44,Very Poor
4783,"JHALANA FOREST PARK, NEAR
MALVIYA NAGAR IND. AREA,
MALVIYA NAGAR JAIPUR",RAJASTHAN,7.15,1188,25,25.8,Good
4764,"M/S ABHISHEK KOTHARI,
NAKODA ROAD MEWA NAGAR,
JASOL, PACHPADRA,",RAJASTHAN,7.6,2850,26,93.13,Very Poor
2969,"M/S SPECIALTY SILICA LTD., MIA
ALWAR AGRO FOOD PARK,
ALWAR, RAJASTHAN",RAJASTHAN,7.15,1011.5,29.5,41.68,Good
2031,"NEAR 9 NO. PETROL PUMP,
NEAR ADARSH NAGAR GATE,
AJMER",RAJASTHAN,8.1,1040,27,30.25,Good
2027,"NEAR ABN CENTRAL ACADEMY,
SUSILPURA, SODALA, JAIPUR.",RAJASTHAN,7.8,1188,27,35.8,Good
2021,"NEAR ARVIND GENERAL STORE,
ALOO FACTORY, KACCHI BASTI,
SARDARPURA, UDAIPUR",RAJASTHAN,7.05,1756,25,47.1,Good
2026,"NEAR FOJI NAGAR, KACCHI
BASTI, AMBABARI, JAIPUR.",RAJASTHAN,7.5,1294.5,29,49.79,Good
2029,"NEAR GANDHI BHWAN, AJMER",RAJASTHAN,8.05,1720,27,55.75,Poor
2032,"NEAR KHANPURA TALAB, AJMER",RAJASTHAN,8.3,395,27,13.94,Excellent
2022,"NEAR RANA PRATAP NAGAR,
RAILWAY STATION, UDAIPUR",RAJASTHAN,7.199999999999999,1775,26,52.81,Poor
2028,"NEAR SAMSHAN VISHWAKARMA
NAGAR, MAHARANIFARM,
JAIPUR",RAJASTHAN,8.25,729,26,13.59,Excellent
2025,"NEAR SHREE KALYANESHWAR
MAHADEV TEMPLE, JAI SINGH
PURA KHURD, JAIPUR.",RAJASTHAN,7.85,1495,28,52.31,Poor
2019,"NEAR UIT BRIDGE, UDAIPUR",RAJASTHAN,7.1,1225,25.5,29.69,Good
2020,"NEW FATEHPURA, 200 FT.FROM
PANCHWATI NALLAH, UDAIPUR",RAJASTHAN,7.1,1773.5,25.5,50.26,Poor
4782,"OFFICE OF ASSISTANT ENGINEER,
JAIPUR, VIDHUT VITRAN NIGAM
LTD, RIICO IND. AREA, BAGRU,
TEHSIL-SANGANER,",RAJASTHAN,7.8,5935,26,208.81,Unsuitable
4796,"OPEN WELL OF SARAS DAIRY,
VILAS, NH-08, UDAIPUR",RAJASTHAN,6.9,1283,25.5,31.86,Good
4768,"OPENWELL OF SHRI ISHWAR
SINGH MALI S/O BHURJI MALI,
DHANNA KI DHANI BILASAR,",RAJASTHAN,8,11000,26,398.75,Unsuitable
2015,"PABUPURA ROAD NEAR CIVIL
AIR PORT, JODHPUR (MANGILAL
RATHOR)",RAJASTHAN,7.5,2550,26,81.88,Very Poor
1721,"PHED WELL NEAR RAILWAY LINE
JHOTAWARA, JAIPUR,
RAJASTHAN",RAJASTHAN,8,627,28,19.76,Excellent
1725,"PUBLIC HAND PUMP BEFORE
SANGANER PULIA, RAJASTHAN",RAJASTHAN,7.449999999999999,2485,27,84.44,Very Poor
4793,"PUBLIC TUBEWELL, VILLAGE-NAMI, TEHSIL",RAJASTHAN,8.05,1110,25.5,25.38,Good
1706,"RIICO PUMP HOUSE NEAR
MONTO MOTORS, MIA, ALWAR,
RAJASTHAN",RAJASTHAN,7.35,1254,28.5,45.78,Good
2970,"RIICO TUBE WELL, RIA, BEHROR,
RAJASTHAN",RAJASTHAN,8.3,1360,30,57.25,Poor
2971,"RIICO TUBE WELL, RIA,
NEEMRANA, RAJASTHAN",RAJASTHAN,7.2,3405,30,133.94,Unsuitable
2973,"RIICO TUBE WELL, RIA,
SHAHJAHANPUR, RAJASTHAN",RAJASTHAN,7,4180,28,153,Unsuitable
2972,"RIICO TUBE WELL, RIA,
SOTANALA, RAJASTHAN",RAJASTHAN,7.25,3455,29.5,133.31,Unsuitable
4775,"RIICO TUBEWELL NO. 3 LOCATED
ON ROAD SIDE CLOSE TO INDAG
RUBBER AND OPPOSITE TO
HONDA SHOWROOM, NEELAM
CHOWK, BHIWADI, TEHSIL-TIJARA",RAJASTHAN,7.6,1940,29,74,Poor
4777,"RIICO TUBEWELL NO. 31,
LOCATED NEAR BKL LIFESTYLE,
PLOT NO. 1228, RIA, BHIWADI,
OPP. TO ACRO PAINTS-II, TIJARA",RAJASTHAN,7.5,1583,29.5,63.11,Poor
4778,"RIICO TUBEWELL NO. 34,
LOCATED ON ROAD SIDE OF 220
KVA POWER STATION, CLOSE TO
BKT(ESI HOSPITAL), RAMPUR
MUNDANA RIS BHIWADI,
TIJARA,",RAJASTHAN,7.75,1457.5,30,60.91,Poor
4774,"RIICO TUBWELL NO. 1, LOCATED
NEAR GANPATI TUBES &
FABRICATION (P) LTD SP-A-53(A), RIA, BHIWADI, OPPOSITE
TO WHEEL'O CITY AT T-POINT,
TEHSIL- TIJARA",RAJASTHAN,7.2,2690,29,102.13,Unsuitable
2968,"SH. BHANA RAM KALAL, DHARU
NAGAR, NEAR MAIN MANDIA",RAJASTHAN,8.3,4575,21.8,168.81,Unsuitable
2967,"SH. POL SINGH PUROHIT,
VILLAGE PUNAYATA, PALI,
RAJASTHAN",RAJASTHAN,7.8,7705,22.75,281.44,Unsuitable
4803,"SHAHID CAPT, CHANDRA
CHOUDHARY PARK, BIKANER",RAJASTHAN,7.25,5175,24.6,177.31,Unsuitable
4806,"SHRI BABUAL SOPATRA, SHEKHO
KI DDHANI PALI",RAJASTHAN,8.2,3955,22.95,139.81,Unsuitable
2965,"SHRI GIRDHARI SINGH
CHOUDHARY NEAR BANDI
BRIDGE, PALI BYE PASS ROAD,
PALI, RAJASTHAN",RAJASTHAN,8.1,6600,22.6,240.75,Unsuitable
2966,"SHRI GIRDHARI SINGH
RAJPUROHIT NEAR VILLAGE
PUNAYATA, JODHPUR-SUMERPUR BYE PASS ROAD,
PALI, RAJASTHAN",RAJASTHAN,8.2,503.5,22.5,12.63,Excellent
4807,"SHRI MUKESH RAJPUROHIT,
INFORNT OF GS-197-A,
PUNAYATA INDUSTRY ROAD,
NEAR BY NATIONAL HIGHWAY
PALI-JODHPUR, CETP-IV, PALI",RAJASTHAN,7.9,9175,23,335.31,Unsuitable
4809,"SHRI RANARAM, NEAR
BHANWAR SINGH MANDLI
FROM HOUSE NH-PALI-SUMERPUR",RAJASTHAN,7.75,4430,22.1,161.88,Unsuitable
2976,"SUJAN GANGA, BHARATPUR,
RAJASTHAN",RAJASTHAN,8.15,5150,28.5,191.88,Unsuitable
2986,"TUBE WELL OF GIRDHARI LAL,
BHITUJA, RAJASTHAN",RAJASTHAN,7.7,4900,27,175,Unsuitable
4761,"TUBE WELL OF M/S BALOTRA
WATER POLLUTION CONTROL
AND RESEARCH FOUNDATION
TRUST (CETP) KHED ROAD,
BALOTRA",RAJASTHAN,7.949999999999999,24000,26,886.25,Unsuitable
4794,"TUBEWELL OF HARIPRASAD
PANNALAL, BADA TALAB, VILL-NANI, TEHSIL",RAJASTHAN,8.05,1140,25,24,Excellent
2974,"VILLAGE AGYARA, TEHSIL-RAMGARH, ALWAR, RAJASTHAN",RAJASTHAN,7.4,2230,29.5,87.38,Very Poor
2975,"VILLAGE BAGER MEO, TEHSIL-RAMGARH, ALWAR, RAJASTHAN",RAJASTHAN,7.35,2360,29.5,92.25,Very Poor
2017,"VILLAGE VINAYAKIA, JODHPUR
(BADRI KUMHAR)",RAJASTHAN,7.65,2375,26,75.31,Very Poor
2018,"VILLAGE VINAYAKIA, JODHPUR
(HUKUM SINGH RATHORE)",RAJASTHAN,7.55,8900,25.5,317.5,Unsuitable
2964,"WELL AT INDIA PUBLIC SCHOOL,
MANPUR MACHERI, JAIPUR,
RAJASTHAN",RAJASTHAN,7.8,2145,28,76.69,Very Poor
1710,"WELL AT VILLAGE ALUPUR, VERY
NEAR BHIWADI INDUSTRIAL
AREA, BHIWADI, RAJASTHAN",RAJASTHAN,7.75,1561.5,29.5,62.31,Poor
1713,"WELL AT VILLAGE GATTAL,
NEAR, BHIWADI TO BHIWADI
INDUSTRIAL AREA, BHIWADI,
RAJASTHAN",RAJASTHAN,7.5,1038,29.5,42.67,Good
2960,"WELL INFRONT OF SINGHANA
POLICE STATION, SINGHANA,
JHUNJHUNU, RAJASTHAN",RAJASTHAN,7.699999999999999,5400,24,188.75,Unsuitable
1708,"WELL KOTHI IN VILLAGE BAGAR
RAJPUT, ALWAR, RAJASTHAN",RAJASTHAN,7.300000000000001,1267,29,48.76,Good
2991,"WELL OF BHAG JI LAXMAN RAM
MALI, SAKARNA BERA,
BALOTRA, JODHPUR,
RAJASTHAN",RAJASTHAN,7.65,10000,26,361.25,Unsuitable
2982,"WELL OF BIRMA RAM PATEL,
SALAWAS, JODHPUR,
RAJASTHAN",RAJASTHAN,8,20450,25.5,750.63,Unsuitable
2993,"WELL OF CHOUTHA RAM PUSA
PAM, LEFT SIDE OF BRIDGE LUNI,
BALOTRA, RAJASTHAN",RAJASTHAN,8.3,3650,26,123.13,Unsuitable
2985,"WELL OF GIRDHARI RAM
MEGHWAL, VILLAGE-NANDWAN, JODHPUR,
RAJASTHAN",RAJASTHAN,7.45,13815,25.5,501.81,Unsuitable
1724,"WELL OF GOOJARON KI TALAI,
MOHANA ROAD SANGANER
JAIPUR, RAJASTHAN",RAJASTHAN,8.3,519,28,15.71,Excellent
1415,"WELL OF LOOMJI, CHAUDHARY,
NEAR NAYAGAON, PALI, (U/S 1
KM. FROM PALI TOWN),
RAJASTHAN",RAJASTHAN,7.8500000000000005,12760,22.3,473.25,Unsuitable
2988,"WELL OF PEMA RAM MALI,
BHITUJA, RAJASTHAN",RAJASTHAN,7.8,7100,26,252.5,Unsuitable
2977,"WELL OF RAM CHANDRA
DEWRA, VILLAGE- SANGARIA,
JODHPUR, RAJASTHAN",RAJASTHAN,7.85,21050,26,775.63,Unsuitable
2963,"WELL OF RIICO AT LEATHER
COMPLEX, MANPUR MACHERI,
JAIPUR, RAJASTHAN",RAJASTHAN,7.85,3480,28,126.75,Unsuitable
2961,"WELL OF SH MNAGAL CHAND
MEENA, MANPUR MACHERI,
JAIPUR, RAJASTHAN",RAJASTHAN,7.8,813,27.5,24.24,Excellent
2962,"WELL OF SH MOOL CHAND
RAIGER, MANPUR MACHERI,
JAIPUR, RAJASTHAN",RAJASTHAN,8,770,23,20.13,Excellent
4789,"WELL OF SHRI BHAGARAM
BHATIA, SALAWAS-JODHPUR
ROAD, SALAWAS, JODHPUR",RAJASTHAN,7.8999999999999995,6760,25.5,237.25,Unsuitable
4787,"WELL OF SHRI DALARAM, AHEER
KHERA, JODHPUR",RAJASTHAN,7.2,5460,25.5,188.5,Unsuitable
4786,"WELL OF SHRI DEVARAM, HEER
KHERA, JODHPUR",RAJASTHAN,7.4,10825,26,392.19,Unsuitable
4784,"WELL OF SHRI HAZARI SINGH
GEHLOT, NEAR PATWAR
BHAWAN, SALAWAS JODHPUR",RAJASTHAN,7.5,4890,26,169.63,Unsuitable
4788,"WELL OF SHRI MAGARAM,
NANDWAN, JODHPUR",RAJASTHAN,7.2,13155,26.25,480.81,Unsuitable
4785,"WELL OF SHRI TILARAM,
NANDWAN, JODHPUR",RAJASTHAN,7.699999999999999,5855,26,205.81,Unsuitable
4818,"ALWARTHIRUNAGARI 
VETERINARY DISPENSARY, WEST
CAR STREET NEAR OVER HEAD
TANK OF BORE WELL",TAMIL NADU,7.35,241.5,29,29.69,Good
4816,"AUTHOR  MUKKANI
AGRAGARAM STREET INFRONT
OF THIRU N. SAMUTHRAPANDI
HOUSE BORE WELL",TAMIL NADU,8,894.5,26,19.79,Excellent
4912,"BORE WELL AT VANNIARVALASU
VILLAGE, NEAR ELEMENTARY
SCHOOL, THOPPAMPATTI
PANCHAYAT UNION, PALANI
TALUK, DINDIGUL DIST",TAMIL NADU,6.7,1909,36,107.84,Unsuitable
4811,"BOREWELL LOCATED AT M/S.
PHOENIX TEXTILE PROCESSORS,
VENDIPALAYAM, ERODE",TAMIL NADU,6.9,4165,30,162.44,Unsuitable
4821,"BOREWELL NEAR
KAMBARASAMPETTAI INTAKE
WELL (TRICHY UPSTREAM)",TAMIL NADU,7.4,760.5,28.5,27.27,Good
4822,"BOREWELL NEAR THOGUR
INTAKE WELL (TRICHY
DOWNSTREAM)",TAMIL NADU,7.050000000000001,777.5,26,15.41,Excellent
4817,"ERAL  CHARMAM
ARUNACHALA SWAMY TEMPLE
WEST OF BORE WELL",TAMIL NADU,8.4,320,28,21.75,Excellent
4814,"HOUSE OF THIRU MURUGAN,
S/O. ESAKKI, NO.16B,
MEENAKSHIPURAM, ANNA
NAGAR, TIRUNELVELI",TAMIL NADU,7.3,796,29,31.1,Good
4907,"KOMBUPALLAM,
SATHYAMANGALAM",TAMIL NADU,6.7,199,31,41.29,Good
4825,"M. KALIAPPAN,
SANGILIMUNIYAPPAN KOVIL,
ERIKKADU, METTUR",TAMIL NADU,6.95,1810.5,28.5,66.64,Poor
4815,"MUNICIPAL CORPORATION
BORE WELL LOCATED IN
PERUMALPURAM STREET,
NARANAMMALPURAM,
TIRUNELVELI",TAMIL NADU,7.5,766,30,34.98,Good
4824,"PARAMASIVAM WATER SERVICE
STATION, BLOCK NO.13 BSNL
EXCHANGE OPPOSITE, METTUR
DAM  636 402.",TAMIL NADU,6.6,1864.5,28,66.17,Poor
4826,"SAKTHI NAGAR, NEAR
MUNICIPALITY SEWAGE
TREATMENT PLANT,
KOMPURANKADU, METTUR",TAMIL NADU,7.15,763.5,28,24.88,Excellent
4819,"SRIVAIKUNDAM  BLOCK
DEVELOPMENT OFFICE 
OPEN WELL",TAMIL NADU,7.300000000000001,1684,29,64.4,Poor
4820,"SRIVAIKUNDAM  TNEB SUB
STATION 33 KVA OPPOSITE TO
TIRUNELVELI MAIN ROAD OPEN
WELL",TAMIL NADU,7.75,253.5,29,29.24,Good
4810,"SURIYAMPALAYAM BOREWELL
(HAND PUMP) OWNED BY
ERODE CORPORATION LOATED
OPPOSITE TO M/S. PIONEER
PROCESSING INDIA PVT. LTD.,
BHAVANI MAIN ROAD, R.N.
PUDUR POST, ERODE",TAMIL NADU,7,1563.5,32.5,77.38,Very Poor
4909,"THALAVAIPETTAI, BHAVANI",TAMIL NADU,6.8,378,31,34.58,Good
32,"WELL AT MUSIRI, TAMIL NADU",TAMIL NADU,7.4,951.5,28,31.93,Good
4280,"B,W AT IDS RAMPUR,
HANAMKONDA, WARANGAL",TELANGANA,7.4,7040,28,260.25,Unsuitable
1525,"B/W - IDA , NEAR CHAITANYA
CHLORIDES , PASHAMAYLAM ,
MEDAK DIST.",TELANGANA,7.1,3490,25,112.13,Unsuitable
1794,"B/W - MANAKONDUR (V) ,
KARIMNAGAR DIST.",TELANGANA,7.85,1205,29.5,48.94,Good
1810,"B/W - SRI RAMNAGAR COLONY,
SHAKKAR NAGAR, BODHAN,
NIZAMABAD DIST.",TELANGANA,7.15,2267.5,25,66.28,Poor
3094,"B/W AT AKBARNAGAR,
RAMAGUNDAM, KARIMNAGAR",TELANGANA,8.25,1107.5,29,42.78,Good
4278,"B/W AT AUROBINDO, HATNUR,
SANGAREDDY",TELANGANA,6.85,1208,25,26.55,Good
4265,"B/W AT GRAM PANCHAYATH
OFFICE, DOTHIGUDAM",TELANGANA,7.2,1514.5,22,53.04,Poor
3088,"B/W AT J.NARASIMHA RAOS
HOUSE, 14NOS. AREA,
RAMAVARAM, NEAR MWS
DUMPSITE, KOTHAGUDEM,
KHAMMAM",TELANGANA,7.35,1412,30.1,59.7,Poor
4277,B/W AT ZPHS SULTHANPUR,TELANGANA,6.9,3516.5,25,113.12,Unsuitable
4282,"B/W NEAR AARLA BAVI
(AGRICULTURAL FIELD),
POCHAMPALLY MANDAL",TELANGANA,7.1,1551,22,54.41,Poor
4286,"B/W NEAR ANKIREDDIGUDAM
VILLAGE (AGRUCULTURAL FIELD)
CHOUTUPPAL MANDAL",TELANGANA,7.2,2019,21,76.96,Very Poor
4281,"B/W NEAR BHIMANPALLI
VILLAGE (OPEN LAND )
POCHAMPALLY MANDAL",TELANGANA,7.050000000000001,2550,21,96.88,Very Poor
1792,"B/W -NEAR CKM COLLEGE ,
ENUMAMULA (V) , WARANGAL
DIST.",TELANGANA,8.7,1106,30,90.22,Very Poor
4283,"B/W NEAR DANTUR (OPEN
LAND), POCHAMPALLY MANDAL",TELANGANA,7.3,3456.5,21,130.87,Unsuitable
4287,"B/W NEAR LINGAREDDYGUDAM
VILLAGE (BESIDE CHOUTUPPAL-VALIGONDA ROAD)
CHOUTUPPAL MANDAL",TELANGANA,7.050000000000001,1702.5,22,60.09,Poor
4279,"B/W NEAR M/S ARCH PHARMA,
GUNDLA MACHANUR,
SANGAREDDY",TELANGANA,6.55,1100.5,25,22.52,Excellent
4284,"B/W NEAR MALKAPUR LAKE,
MALKAPUR VILLAGE
(AGRICULTURAL FIELD)
CHOUTUPPA; MANDAL",TELANGANA,7.15,1682,21,64.33,Poor
4288,"B/W NEAR NAGARAM
CHERUVU, DEVALAMMA
NAGARAM VILLAGE",TELANGANA,7.300000000000001,1068.5,21,41.32,Good
4285,"B/W NEAR PEDDAKONDUR
VILLAGE (AGRICULTURAL FIELD),
CHOUTUPPAL MANDAL",TELANGANA,7.050000000000001,1826,22,64.72,Poor
4289,"B/W NEAR PITTAM PALLE
VILLAGE (OPEN LAND BESIDE
VILLAGE ROAD) CHITYAL
MANDAL",TELANGANA,6.6,1449,22,50.59,Poor
4290,"B/W NEAR PITTAM
PEDDAKAPARTHI VIKKAGE
(OPEN LAND BESIDE VILLAGE
ROAD) CHITYAL MANDAL",TELANGANA,6.8,1198,21,46.17,Good
1791,"B/W. - EAST OF SAICHERUVU ,
PAIDIPALLY (V), WARANGAL
DIST.",TELANGANA,7.8,2708,29,102.8,Unsuitable
1515,"B/W. - NAGARAM(V),
PALVONCHA, KHAMMAM DIST.",TELANGANA,8.350000000000001,1721.5,29.7,69.31,Poor
1795,"B/W. - PANCHAYAT OFFICE , ,
BOLLARAM (V) MEDAK DIST.",TELANGANA,7.05,2360,25,69.75,Poor
1811,"B/W. - PRIMARY SCHOOL -RUDRAVELLI (V) , BIBINAGAR
(M), NALGONDA DIST.",TELANGANA,7.2,1497.5,19.5,64.91,Poor
4260,"BORE WELL NEAR MSW DUMP
YARD, MEDAK TOWN MEDAK
DISTRICT",TELANGANA,6.8,1050,31,50.63,Poor
4264,"BORE WELL WATER POINT AT ZP
GIRLS HIGH SCHOOL BHUDAM
POCHAMPALLY (V & M)
YADADRI DISTRICT",TELANGANA,7.15,1869.5,24,56.36,Poor
4271,"BOREWELL LOCATED AT
GOVERNMENT PRIMARY",TELANGANA,7.9,1580,29,60.5,Poor
4270,"BOREWELL LOCATED AT HOUSE
OF P. ANJANEYULU, PLOT NO,25,
SHAKTHIPURAM, PRASHANTH
NAGAR, I. E. KUKATPALLY,
MEDCHAL DISTRICT",TELANGANA,7.65,2120.5,31,90.77,Very Poor
4269,"BOREWELL LOCATED AT HOUSE
OF SRI P NEKATESH RAJU, PLOT
NO 115,22 321, APIIC, CO-[PERATIVE CONONY,
JEEDIMETLA, QUTHBULLAPUR
(M) MEDCHAL DISTRICT",TELANGANA,7.25,2709.5,32,117.86,Unsuitable
4268,"BOREWELL LOCATED AT HOUSE
OF SRI VITAL RAO, H.NO. 2-42
875, ABESTOS COLONY, GANDHI
NAGAR, BALANAGAR, MEDCHAL
DISTRICT",TELANGANA,8.3,1043.5,30,45.38,Good
4272,"BOREWELL LOCATED AT RAHIV
GRUHA KA;PA, AHMEDGUDA,
AMBEDKAR NAGAR, KAPRA
MEDCHAL DISTRICT.",TELANGANA,8.5,835,30,37.56,Good
4273,"BOREWELL LOCATED AT
THANDA DUNDIGAL (V)
DHUNDIGAL (M) MEDCHAL
DISTRICT",TELANGANA,7.6,2239.5,32,100.23,Unsuitable
4276,"BOREWELL NEAR GRAM
PANCHAYAT OFFICE,
KHAZIPALLY VILLAGE,
SANGAREDDY DISTRIST",TELANGANA,6.95,1986,31,85.72,Very Poor
4262,"BOREWELL NEAR
GRAMPANCHYAT OFFICE,
KISTAIPALLY VILLAGE JINNARM
MANDAL, SANGAREDDY
DISTRICT",TELANGANA,6.75,2089,29.5,82.09,Very Poor
4263,"BOREWELL NEAR MPP SCHOOL
GADDAPOTHARAM VILLAGE,
JINNARAM MANDAL,
SANGAREDDY DISTRICT",TELANGANA,6.55,3717.5,29.5,143.16,Unsuitable
4266,"BOREWELL NEAR PRIMARY
SCHOOL, ADLOOR YELLAREDDY
(N) SADASHIVANAGAR (M)
KAMAREDDY DIST",TELANGANA,7,896.5,25,14.87,Excellent
4274,"BOREWELL POINTS AT THE
PERIPHERY OF THE IDA,
JEEDIMETLA",TELANGANA,7.65,1474,29,56.53,Poor
4275,"BOREWELL POINTS AT THE
PERIPHERY OF THE ISA
BALANAGAR",TELANGANA,7.85,2184.5,28,78.17,Very Poor
1793,"O/W - BHOOMAIAH NEAR
ASHPONDS OF NTPC ,
KUNDANPALLY (V) ,
RAMAGUNDAM , KARIMNAGAR",TELANGANA,8.05,1803.5,30,73.88,Poor
15,WELL AT KUYYURA,TELANGANA,8.25,512.5,27,10.47,Excellent
27,WELL AT PEDDAVOORA,TELANGANA,7.05,1207.5,23.5,34.03,Good
16,WELL AT TADAVAI A.P.,TELANGANA,7.95,924,28,30.9,Good
1732,"A.D.NAGAR, AGARTALA,
TRIPURA",TRIPURA,5.95,114.5,24.25,44.46,Good
1734,"GANDHIGRAM, AGARTALA,
TRIPURA",TRIPURA,5.75,111,24,50.84,Poor
1730,"KUNJBAN, AGARTALA, TRIPURA",TRIPURA,6.449999999999999,111.5,24.25,32.07,Good
1731,"LANKAMURA, TRIPURA",TRIPURA,6.05,522,25.75,28.33,Good
1733,"SHIBNAGAR, AGARTALA,
TRIPURA",TRIPURA,5.85,116,24.25,46.9,Good
4205,"TUBE WELL AT AMAR SAGAR,
UDAIPUR",TRIPURA,5.6,107,24.5,52.24,Poor
4204,TUBE WELL AT AMARPUR,TRIPURA,5.45,112,24,58.3,Poor
4210,TUBE WELL AT AMBASSA,TRIPURA,5.5,95.5,23.5,60.17,Poor
4188,"TUBE WELL AT ARUNDHATI
NAGAR",TRIPURA,6.1,101.5,24.5,39.94,Good
3426,"TUBE WELL AT B.C.MANU,
SOUTH TRIPURA",TRIPURA,5.5,90.5,24.25,56.61,Poor
4187,TUBE WELL AT BADHARGHAT,TRIPURA,5.95,123.5,25,40.37,Good
3428,"TUBE WELL AT BAGAFA, SOUTH
TRIPURA",TRIPURA,5.3,92.5,24.25,61.53,Poor
4209,TUBE WELL AT BELONIA,TRIPURA,5.6,112.5,24.75,50.78,Poor
4200,TUBE WELL AT BISHALGARH,TRIPURA,5.699999999999999,94,24.5,50.23,Poor
4636,TUBE WELL AT BISHALGARH,TRIPURA,6.25,94,24.5,36.48,Good
4202,TUBE WELL AT BISHRAMGANJ,TRIPURA,5.5,116,24.5,54.4,Poor
3425,"TUBE WELL AT BODHJUNG
NAGAR, WEST TRIPURA",TRIPURA,5.75,101,24.75,47.46,Good
4651,"TUBE WELL AT CHAKMAGHAT,
TELIAMURA",TRIPURA,6.65,95.5,24.25,18.92,Excellent
4638,TUBE WELL AT CHAMPAKNAGAR,TRIPURA,6.45,92.5,24.25,32.78,Good
4212,TUBE WELL AT CHAWMANU,TRIPURA,5.3,96,25,57.65,Poor
3432,"TUBE WELL AT CHURAIBARI
(INTERSTATE BOUNDRY), NORTH
TRIPURA",TRIPURA,5.7,102,23.75,53.67,Poor
4216,TUBE WELL AT DAMCHERRA,TRIPURA,5.5,95,23.5,60.19,Poor
4190,"TUBE WELL AT DEBENDRA
CHANDRA NAGAR",TRIPURA,5.6,97.5,24.25,53.84,Poor
4206,"TUBE WELL AT DHANI SAGAR,
UDAIPUR",TRIPURA,5.35,110.5,24.75,57.11,Poor
4215,TUBE WELL AT DHARMANAGAR,TRIPURA,5.65,122.5,24.25,51.66,Poor
4186,TUBE WELL AT DOKLI,TRIPURA,5.699999999999999,125,24.75,47.81,Good
3435,"TUBE WELL AT GOUR NAGAR,
NORTH TRIPURA",TRIPURA,6,101,23.25,48.71,Good
3423,"TUBE WELL AT HAPANIA, WEST
TRIPURA",TRIPURA,6.15,84,24.75,38.1,Good
3430,"TUBE WELL AT JAWAHANAGAR,
DHALAI",TRIPURA,5.95,90.5,24,46.61,Good
4185,TUBE WELL AT JIRANIA,TRIPURA,5.65,118.5,24.5,50.56,Poor
4208,TUBE WELL AT JOLAIBARI,TRIPURA,5.5,108.5,24.5,54.68,Poor
3436,"TUBE WELL AT KAILASHAHAR,
NORTH TRIPURA",TRIPURA,5.800000000000001,99.5,23.75,51.27,Poor
4648,"TUBE WELL AT KALADEPHA
MANU",TRIPURA,7.15,101,24.5,17.46,Excellent
4211,TUBE WELL AT KAMALPUR,TRIPURA,6.1,113.5,24,41.99,Good
3433,"TUBE WELL AT KAMESWAR,
INDUSTRIAL ESTATE AREA,
NORTH TRIPURA",TRIPURA,6.4,112.5,24,34.53,Good
4217,TUBE WELL AT KANCHANPUR,TRIPURA,5.75,111,23.5,53.34,Poor
4203,TUBE WELL AT KARBOOK,TRIPURA,5.5,110,24,57.13,Poor
4214,TUBE WELL AT KHOWAI,TRIPURA,5.45,103,24.5,56.14,Poor
3431,"TUBE WELL AT KULAI, DHALAI",TRIPURA,5.55,86,24,56.78,Poor
3434,"TUBE WELL AT KUMARGHAT,
INDUSTRIAL ESTATE AREA,
NORTH TRIPURA",TRIPURA,6.2,109.5,24,39.64,Good
4647,TUBE WELL AT MANUBAZAR,TRIPURA,6.7,99,24.5,17.54,Excellent
4641,TUBE WELL AT MELAGHAR,TRIPURA,5.25,100,24.5,61.25,Poor
3424,"TUBE WELL AT NAGICHERRA,
WEST TRIPURA",TRIPURA,6,86.5,24.5,43.01,Good
4189,TUBE WELL AT NANADANNAGAR,TRIPURA,5.75,93,24.5,49.01,Good
4218,TUBE WELL AT PANISAGAR,TRIPURA,5.7,93,23.5,55.26,Poor
4653,TUBE WELL AT PECHARTHAL,TRIPURA,6.050000000000001,110,24.25,42.12,Good
4637,TUBE WELL AT RAJNAGAR,TRIPURA,6.4,92.5,24.5,32.78,Good
4639,TUBE WELL AT RANIRBAZAR,TRIPURA,6.7,97,24.5,17.61,Excellent
4207,TUBE WELL AT SABROOM,TRIPURA,5.55,107,24.75,52.24,Poor
3427,"TUBE WELL AT SHANTIR BAZAR,
SOUTH TRIPURA",TRIPURA,6.25,78,24.5,37.08,Good
4201,TUBE WELL AT SONAMURA,TRIPURA,5.699999999999999,112,24.5,49.55,Good
4191,"TUBE WELL AT SURYAMONI
NAGAR",TRIPURA,5.85,96.5,24.5,46.38,Good
4213,TUBE WELL AT TELIAMURA,TRIPURA,5.6,91.5,24.25,54.07,Poor
4652,"TUBE WELL AT TELIAMURA
MARKET",TRIPURA,6.1,111.5,24.5,39.57,Good
1406,"WELL AROUND UDAIPUR
(TUBEWELL), TRIPURA",TRIPURA,5.65,114,25,48.22,Good
1405,"WELL AT UDAIPUR (TUBEWELL),
TRIPURA",TRIPURA,5.85,104.5,25,43.58,Good
2470,"AT INDUSTRIAL AREA, FATEHPUR",UTTAR PRADESH,7.15,1951.5,25.450000000000003,56.68,Poor
2469,"AT INDUSTRIAL AREA. NAINI,
ALLAHABAD",UTTAR PRADESH,7.25,1207.5,25.35,28.28,Good
2468,"BHADOHI INDUSTRIAL AREA,
DEVELOPMENT AUTHORITY,
SANT RAVIDAS NAGAR",UTTAR PRADESH,7.75,516,25,0.6,Excellent
2467,"CHANDPUR INDUSTRIAL AREA,
LAHARTARA, VARANASI",UTTAR PRADESH,7.8,549,24.5,4.34,Excellent
1756,"GOPIGANJ INDUSTRIAL AREA
BHADOHI, VARANASI, U.P",UTTAR PRADESH,7.75,489,25.25,1.66,Excellent
1758,"GROUND AROUND STP
DINAPUR, VARANASI, U.P",UTTAR PRADESH,7.65,488,24.75,1.7,Excellent
1754,"HAPUR ROAD INDUSTRIAL AREA
GHAZIABAD, U.P",UTTAR PRADESH,7.3,710,21.5,25.38,Good
1759,"IFFCO, PHOOLPUR, ALLAHABAD,
U.P",UTTAR PRADESH,7.15,1140,25.299999999999997,25.5,Good
1747,"INDIA MARKA HAND PUMP IN
SAROWNI BLOCK AT
RAIBAREILLY, U.P",UTTAR PRADESH,8.15,934,17.5,53.77,Poor
2475,"INDUSTRIAL AREA, SULTANPUR
ROAD",UTTAR PRADESH,8,919.5,18,50.73,Poor
1753,"MEERUT ROAD INDUSTRIAL
AREA GHAZIABAD, U.P",UTTAR PRADESH,7.35,849,22,28.09,Good
1746,"NAGAR PALIKA TUBE WELL,
SULTANPUR, U.P",UTTAR PRADESH,8,776,17.5,47.85,Good
2477,"NEAR ARYA KANYA INTER
COLLEGE. JALAUN",UTTAR PRADESH,7.5,948,23,26.8,Good
2479,"NEAR M/S KUMAR INTER
NATIONAL LAKDI FAZALPUR,
DELHI ROAD, MORADABAD",UTTAR PRADESH,7.45,445,24,7.06,Excellent
2481,"NEAR PEER BEGRAJ INDSTRIAL
AREA, MUZAFFARNAGAR",UTTAR PRADESH,7.5,462.5,21.5,18.91,Excellent
1755,"PILKHUA INDUSTRIAL AREA
GHAZIABAD, U.P",UTTAR PRADESH,7.2,1380,21.5,50.5,Poor
1752,"SAHIBABAD INDUSTRIAL AREA,
GHAZIABAD, U.P",UTTAR PRADESH,7.1,2086,22.5,71.97,Poor
2474,"UNCHAHAAR (NEAR THERMAL
POWER PLANT)",UTTAR PRADESH,7.85,861,19,43.54,Good
3452,"GROUND WATER AT BHAGWAN
INDUSTRIAL AREA- 1",UTTARAKHAND,7.9,420,18,38,Good
3453,"GROUND WATER AT BHAGWAN
INDUSTRIAL AREA- 2,
SIKANDERPUR, LAKHESWARI,
ROORKEE, HARIDWAR",UTTARAKHAND,7.9,640.5,20,30.27,Good
3448,"GROUND WATER AT KASHIPUR
BAJPUR ROAD- 1",UTTARAKHAND,7.2,320,30,31.75,Good
3449,"GROUND WATER AT KASHIPUR
BAJPUR ROAD- 2",UTTARAKHAND,7.45,332,27.5,18.8,Excellent
3446,"GROUND WATER AT KASHIPUR
MORADABAD ROAD- 1",UTTARAKHAND,7.4,360,25.5,7.75,Excellent
3447,"GROUND WATER AT KASHIPUR
MORADABAD ROAD- 2",UTTARAKHAND,7.300000000000001,362,24.5,7.68,Excellent
3442,"GROUND WATER AT
PANTNAGAR INDUSTRIAL AREA-1",UTTARAKHAND,7.35,299,28,22.54,Excellent
3443,"GROUND WATER AT
PANTNAGAR INDUSTRIAL AREA-2",UTTARAKHAND,7.5,286.5,28,23.01,Excellent
3454,"GROUND WATER AT ROORKEE
INDUSTRIAL AREA- 1, CHC
BHAGWANPUR,HARIDWAR",UTTARAKHAND,8.100000000000001,573,20.5,25.24,Good
3455,"GROUND WATER AT ROORKEE
INDUSTRIAL AREA- 2, SUNEHRA",UTTARAKHAND,7.5,286,20,33.02,Good
3444,"GROUND WATER AT SANTIPURI
KICHHA- 1",UTTARAKHAND,7.3,328,27.5,18.95,Excellent
3445,"GROUND WATER AT SANTIPURI
KICHHA- 2",UTTARAKHAND,7.15,318,27.5,19.32,Excellent
3456,"GROUND WATER AT SELAQUI
INDUSTRIAL AREA- 1,
DEHRADUN",UTTARAKHAND,6.4,199.5,19,56.27,Poor
3457,"GROUND WATER AT SELAQUI
INDUSTRIAL AREA- 2,
DEHRADUN",UTTARAKHAND,6.65,239.5,19.5,37.27,Good
3450,"GROUND WATER AT SIDCUL
INDUSTRIAL AREA- 1,
ROSHANABAD COLLECTORATE,
HARIDWAR",UTTARAKHAND,7.25,578,20,27.93,Good
3451,"GROUND WATER AT SIDCUL
INDUSTRIAL AREA- 2,
SALEEMPUR
CHOWK,ROORKEE,HARIDWAR",UTTARAKHAND,7.55,534.5,20,26.29,Good
3440,"GROUND WATER AT SITAR GANJ
INDUSTRIAL AREA- 1",UTTARAKHAND,7.35,473.5,25.5,3.49,Excellent
3441,"GROUND WATER AT SITAR GANJ
INDUSTRIAL AREA- 2",UTTARAKHAND,7.15,469.5,25.5,3.64,Excellent
1748,"HANDPUMP IN VILLAGE
DAMAUDA AT KASHIPUR NEAR
M/S INDIA GLYCOLES LTD.",UTTARAKHAND,7.9,274,27,18.48,Excellent
2547,"AMTOLA ON DIAMOND
HARBOUR ROAD, 24 PARGANAS
(S)",WEST BENGAL,7.45,4203,29,158.86,Unsuitable
1939,BARRAKPORE MUNICIPALITY,WEST BENGAL,7.85,425.5,30.5,30.29,Good
1772,"BARSAT MUNICIPALITY NORTH
24-P, WEST BENGAL",WEST BENGAL,7.55,632,29.5,27.45,Good
1777,"BEHALA CALCUTTA, WEST
BENGAL",WEST BENGAL,7.35,1342.5,29.5,54.09,Poor
2537,"BOLPUR NEAR RAILWAY
STATION",WEST BENGAL,7.4,429,29.5,25.16,Good
1938,BSIRHAT MUNICIPALITY,WEST BENGAL,8.25,1730.5,29.5,68.64,Poor
1934,"CENTRAL HOWRAH-RESIDENTAIL
AREA",WEST BENGAL,7.25,2483.5,29.5,96.88,Very Poor
1932,CENTRAL KOLKATA,WEST BENGAL,7.6,554.5,30,27.04,Good
1931,COSSIPORE - NORTH KOLKATA,WEST BENGAL,7.3,2578.5,29.5,100.44,Unsuitable
1779,"DANKUNI (NEAR COAL
COMPLEX), WEST BENGAL",WEST BENGAL,7.5,5407.5,27.5,196.53,Unsuitable
1775,"DHAPA CALCUTTA, WEST
BENGAL",WEST BENGAL,7.1,1556,29.5,62.1,Poor
1778,"DOMJUR HOWRAH, WEST
BENGAL",WEST BENGAL,7.5,756,29.5,32.1,Good
1768,"DURGAPUR TOWN, BURDWAN,
WEST BENGAL",WEST BENGAL,7.35,668,31,36.3,Good
1767,"DURGAPUR TOWN, NEAR IISCO,
BURDWAN, WEST BENGAL",WEST BENGAL,7.9,748,27,19.3,Excellent
2542,DWARIKA AT BISHNUPUR TOWN,WEST BENGAL,7.2,695.5,28.5,24.83,Excellent
1945,ENGLISH BAZAR- MALDAH,WEST BENGAL,7.35,1266.5,28.5,46.24,Good
2526,FULBARI BARRAGE,WEST BENGAL,7.2,175,25,12.19,Excellent
1776,"GARIA CALCUTTA, WEST BENGAL",WEST BENGAL,7.6,815,29,31.81,Good
4730,"GROUND WATER (DUGWELL) AT
HARISHPAL MORE",WEST BENGAL,7.8,612,29,24.2,Excellent
4714,"GROUND WATER AT ANGADPUR
ANGADPUR DURGAPUR",WEST BENGAL,7.55,663.5,31,36.13,Good
4708,"GROUND WATER AT
BERHAMPORE",WEST BENGAL,7.35,933.5,27.5,28.76,Good
4709,GROUND WATER AT CHINSURA,WEST BENGAL,8,1955,29,74.56,Poor
4716,"GROUND WATER AT
HURALALPUR, PURULIA",WEST BENGAL,7.75,652.5,28,20.72,Excellent
4706,GROUND WATER AT KHARDAH,WEST BENGAL,7.9,1248,29,48.05,Good
4721,"GROUND WATER AT MATIGARA
BAZAAR",WEST BENGAL,7.5,69.5,25.5,18.64,Excellent
4715,"GROUND WATER AT
MUCHIPARA DURGAPUR",WEST BENGAL,6.9,217,30,35.61,Good
4707,GROUND WATER AT NAIHATI,WEST BENGAL,7.9,333.5,28,21.24,Excellent
4737,"GROUND WATER AT SHYAMPUR
BUDGE BUDGE",WEST BENGAL,7.45,2452,28,88.2,Very Poor
4726,"GROUND WATER MIRIK
DUGWELL",WEST BENGAL,7.4,132,15,63.8,Poor
2545,"GROUND WATER POINT AT
PURULIA RK MISSION",WEST BENGAL,7.45,815,27.5,24.31,Excellent
2528,"GROUND WATER POINT INSIDE
BURDWAN UNIVERSITY",WEST BENGAL,7.6000000000000005,523.5,29,20.88,Excellent
2529,"GROUND WATER POINT NEAR
BURDWAN STATION",WEST BENGAL,7.199999999999999,1104.5,28.5,40.17,Good
4732,"GROUNDWATER AT ANANDA
MOHAN COMMERCE COLLEGE",WEST BENGAL,7.7,194,26,16.48,Excellent
4733,"GROUNDWATER AT SUKNA
FOREST RANGE",WEST BENGAL,7.25,174.5,24,17.21,Excellent
4731,"GROUNDWATER AT
UTTARBANGA KRISHI
VISHWAVIDYALAYA",WEST BENGAL,7.6,234.5,26.5,17.46,Excellent
2548,"HIDCO OFFICE, RAJARHAT",WEST BENGAL,7.45,758.5,28,24.69,Excellent
2530,HOT SPRING AT BAKRESHWAR,WEST BENGAL,9.1,505,64,247.69,Unsuitable
1935,"INSIDE KOLKATA LEATHER
COMPLEX",WEST BENGAL,7.1,1312,30.5,57.95,Poor
1771,"KALYANI INDUSTRIAL AREA,
NADIA, WEST BENGAL",WEST BENGAL,7.65,1189.5,27.5,38.36,Good
1766,"MINE PIT WATER ASSANSOL,
WEST BENGAL",WEST BENGAL,8.350000000000001,572,28.5,20.2,Excellent
2538,MOREGRAM CROSSING,WEST BENGAL,7.65,381.5,29,24.44,Excellent
2536,"NALHATI RAILWAY STATION OF
BIRBHUM",WEST BENGAL,7.949999999999999,706.5,29,27.74,Good
1941,"NEAR FLY ASH DUMPING SITE-KUNTIGHAT, BANDEL",WEST BENGAL,7.65,2261,27.5,78.54,Very Poor
1933,"NEAR GALVANISATION UNIT,
HOWRAH",WEST BENGAL,7.3,1360,28.5,49.75,Good
1940,"NEAR THE PHOSPHATE
COMPANY-RISHRA",WEST BENGAL,7.75,3667.5,29,138.78,Unsuitable
1937,RAJARHAT - NEW TOWNSHIP,WEST BENGAL,7.75,1066.5,30,46.24,Good
1936,RESIDENTIAL AREA - SONARPUR,WEST BENGAL,7.3,1118.5,30,48.19,Good
1813,"RISHRA, WEST BENGAL",WEST BENGAL,7.8,1635,29,62.56,Poor
2540,SATI GHAT AT BANKURA TOWN,WEST BENGAL,7.85,960,27.5,29.75,Good
2543,"SDO OFFICE AT BISHNUPUR
TOWN",WEST BENGAL,7.050000000000001,219,27.5,23.04,Excellent
2516,"SDO OFFICE, KRISHNANAGAR",WEST BENGAL,7.75,754,26,14.52,Excellent
2515,"SDO OFFICE, RANAGHAT",WEST BENGAL,7.35,704.5,26.5,15.17,Excellent
2533,SURI TOWN NEAR BUS STAND,WEST BENGAL,7.550000000000001,504.5,28.5,17.67,Excellent
1773,"TANGRA, CALCUTTA , WEST
BENGAL",WEST BENGAL,7.35,1582.5,29.5,63.09,Poor
1774,"TOPSIA CALCUTTA, WEST
BENGAL",WEST BENGAL,7.3,1813,30,74.24,Poor
2546,ULUBERIA COLLEGE AT HOWRAH,WEST BENGAL,7.4,999.5,28,33.73,Good
2535,VISVA BHARATI,WEST BENGAL,8.05,403.5,30.5,31.12,Good